"rel","sha","bytes","mtime"
"_dom-probe-after.json","EC16FF889E5F93E7C4C06B685CEAFFED3C0374783778F1DD436E767D871FFF17","53515","2026-10-06T05:22:12.8393927Z"
"_dom-probe-before.json","5E8A38B0134040AA6388BE5A5CC7CFCB5D770561F4F53D7FEE9D3207300B034D","60090","2026-10-06T05:18:26.1772530Z"
"_scratch_bridge_node.log","81F344AD72C6FA86257D18F37E8C28A6A5556CE86C1298BB80E28B5472762A06","4957","2026-10-06T03:01:59.0022411Z"
"bridge-selftest.js","456E312366D09F2631014FAD17D064FA3F7825E0CD1E5DC19D09702BA67F2CFF","13683","2026-10-06T02:53:49.1925417Z"
"bridge-single-instance-selftest.js","B8A235659C73A6638651CDA44679710A61509A079102AC210297E105CF05F916","13640","2026-10-06T05:30:26.7001449Z"
"BRIDGE.md","A6B6666C45D2E34FB83317632E79BA1E05B3ADBD71649D2EC18E6E261B43A4BA","17506","2026-10-06T05:39:13.3813858Z"
"caption-formulation_modified.js","02344738103859D5CC659B4C7E03548AA92ABA8AA4701489525FD22031AD4A1F","14567","2026-10-06T18:57:29.6668340Z"
"caption-formulation.js","D2ADC0FF9B766DD85DA4123E56C6262793B686E8DDA2F4B96B946ABB710DABE5","35776","2026-10-07T07:45:51.1882610Z"
"caption-formulation.js.current","DB1AAFEB3AD59CFB87173747D133897CF0F2CEE912182D4BEF50FA62B26A3279","17188","2026-10-06T17:20:36.1984593Z"
"caption-formulation.js.db1aafeb3ad59cfb87173747d133897cf0f2cee912182d4bef50fa62b26a3279.bak","DB1AAFEB3AD59CFB87173747D133897CF0F2CEE912182D4BEF50FA62B26A3279","17188","2026-10-06T15:59:56.7049256Z"
"caption-formulation.js.shrink-declared.json","1FBF9B5171339531CC41072D156E2463BF5C4FFBCE2DAA1888132D73E6C9375D","210","2026-10-06T18:58:33.6790457Z"
"dom-probe.js","C6B2D23E3981083C36001F1EE667D9FF1B3E5FFD80EA2D92857B2F35838C7850","27148","2026-10-06T06:07:03.9848564Z"
"flicker-preload.js","4B9278C9BE37F9E88E64CDE243A6ACA6614BA79C47D1FF8F4BF2B5D98982E614","135","2026-10-06T17:15:16.5343742Z"
"history-source.js","75D175863C286A7AA6C105C7E0258A93D4D8EC078208D18438651981C02BD915","3708","2026-10-07T05:34:30.4672676Z"
"history-store.js","F13A843C42972AFDE17AC8DE23E052384B34A4413EC94542EC7B4C3EBB0AF6F3","9150","2026-10-07T05:01:27.3391689Z"
"hot-reload.js","026B4BCEE876672FBDE65AECE46565313E886A8547E8C4AA7B73DADFC4957431","8328","2026-10-06T05:53:12.6015752Z"
"HOTRELOAD.md","BBA6E55D7B756D8AAA9AB263B1A00EA433DAF91FFB8F763AD464511A0F18792A","24496","2026-10-06T06:15:09.2553161Z"
"main.js","164D50FB0001E9589A6B5F58A68064B58CFE2E6F09F34D4836F8836557DB898F","45476","2026-10-06T13:27:42.9535151Z"
"main.js.backup","164D50FB0001E9589A6B5F58A68064B58CFE2E6F09F34D4836F8836557DB898F","45476","2026-10-06T17:16:16.0630825Z"
"npm-install-binary.log","E3B0C44298FC1C149AFBF4C8996FB92427AE41E4649B934CA495991B7852B855","0","2026-10-06T01:56:19.3914115Z"
"npm-install.log","16C11D5F234BC5EA699115F2F2F9751138D845A42E0968F52D8406BC19890290","158","2026-10-06T02:24:38.1531002Z"
"package-lock.json","2D2B01474A4A12E0A233AE238383A4BF056F39DEC6FB742AA2E490DDF8787463","30761","2026-10-06T02:24:38.1394757Z"
"package.json","556A19F19DD64E4C701B9364165C3DE9094979E4B138E21382E7BB1C8FA5D8C4","609","2026-10-06T12:25:54.8741252Z"
"panel-live.log","EA5DB97BB49F23155B13ABD31810A17906D54CDDAB9C6CF4D9615FC5486DA29C","766","2026-10-06T04:45:54.2538430Z"
"panel-run-readiness.log","7588A9621FE2C1BF21818FA81D1B16D76BC1049BD639FEBC9BF2C91720B7BF62","10298","2026-10-06T06:05:04.9722848Z"
"panel-run.log","C0F67CC888DDFD92FAF5C06FC211CDDA2C9206C2404B3C239699FC41E29C152D","10932","2026-10-06T05:27:17.8129123Z"
"panel.css","79984D57EFF103A9EBFB91212746CE1054616394C1A56AF56711D64672204A39","34796","2026-10-07T07:40:06.4391669Z"
"panel.html","1039D0E2630852A108107ECD731D96FD08F8E587BB7B6B5CFCA908A6F86126C3","25502","2026-10-07T07:49:44.5494591Z"
"panel.js","A4B41C5B1DE85AE7D67AEB68F14BABCC74DEB2DF2661CE23A741C0389D60A8D6","80771","2026-10-07T08:09:58.3113677Z"
"panel.js.current","E374A37E4617FE4B29C156FCB15FA90522631324C419A60DB76FD6F39AE74B4F","23692","2026-10-06T17:20:36.2004642Z"
"panel.js.e0a69d6d991452f6121ca1e1a371370efa1bcdfb14a4897e1d12cd50d1c78d50.bak","E0A69D6D991452F6121CA1E1A371370EFA1BCDFB14A4897E1D12CD50D1C78D50","23671","2026-10-06T15:59:56.7094753Z"
"preload.js","1D2E8C8AD3693556DC27A33DA00BAFA7BF893B2EBF04C9DFF5A8F1DA7F82EDD4","6188","2026-10-06T09:10:56.3482484Z"
"README.md","3C35E2B909B74659AB767F1BA1D0529262B72E3A805AC5ED1F643C531661A775","8742","2026-10-06T02:25:50.3807212Z"
"run-bridge-selftest.err","49B8B57C64CADAD52C6ABEC7B62F009D30DB239956272AC8E4A3588D5D6BA734","121","2026-10-06T03:05:27.3274887Z"
"run-bridge-selftest.log","81EDD01B7838FDA06986710E5115ED5A294C315C13379793522A2BBE4131A1D6","7315","2026-10-06T03:05:29.7122603Z"
"run-missing-worker.err","49B8B57C64CADAD52C6ABEC7B62F009D30DB239956272AC8E4A3588D5D6BA734","121","2026-10-06T02:58:19.6550616Z"
"run-missing-worker.log","592EEA0024F4781F562F9678CDE72C6A0791950C33C9CB360FE2ED12217FEA94","3197","2026-10-06T02:58:23.1866866Z"
"run-real-worker.err","49B8B57C64CADAD52C6ABEC7B62F009D30DB239956272AC8E4A3588D5D6BA734","121","2026-10-06T03:01:31.2881728Z"
"run-real-worker.log","2805E42431D00F85D0080E78E2476847C9B4E805D88F83363298F3E42A8963FD","2425","2026-10-06T03:01:34.8753000Z"
"run-selftest-regression.err","49B8B57C64CADAD52C6ABEC7B62F009D30DB239956272AC8E4A3588D5D6BA734","121","2026-10-06T03:04:55.4457353Z"
"run-selftest-regression.log","67736AE2136CEC6C77907F1CBCC70A483FD2A2B3C66C744EF25B2EE34F9DBD15","2176","2026-10-06T03:05:00.4088094Z"
"run.err.log","E3B0C44298FC1C149AFBF4C8996FB92427AE41E4649B934CA495991B7852B855","0","2026-10-06T02:23:04.1871447Z"
"run.log","1039C168532AAF83D3C44AD8CC1D62371ADA414C005767F4A8208A88CE4FE8A3","867","2026-10-06T02:23:04.9914115Z"
"run2.err.log","E3B0C44298FC1C149AFBF4C8996FB92427AE41E4649B934CA495991B7852B855","0","2026-10-06T02:29:27.5026783Z"
"run2.log","261741F246837F32EBF3F0F794E8D831860784532E2516DF15315E368A381C84","6262","2026-10-06T02:57:55.6203382Z"
"run3.err.log","E3B0C44298FC1C149AFBF4C8996FB92427AE41E4649B934CA495991B7852B855","0","2026-10-06T03:00:36.1172635Z"
"run3.log","583F230DD3E34279FA5A6D460146E0DB0CA0C5E7795E7DE6378750687EF865CE","27628","2026-10-06T03:47:38.8007973Z"
"selftest.err.log","E3B0C44298FC1C149AFBF4C8996FB92427AE41E4649B934CA495991B7852B855","0","2026-10-06T02:22:36.3558794Z"
"selftest.log","1AF3444D718AF61E65478E8F0ACB652E97B24D9F8B6436BBA8F03DCB989D1707","2213","2026-10-06T02:22:42.1988499Z"
"surface.js","9A0440EDAC0F28AF2D6C1CA945ACB26A931C8B7FBC0ADA6B6BFA615CA08510A5","4413","2026-10-07T07:39:22.6343509Z"
"theme-switcher.js","59F3118AB986C771ACDC81E7073F551FECDCF22ADD1E4C0D67E83BC61ECCEE3F","12110","2026-10-07T07:54:21.5451649Z"
"transcript-append-oracle.js","FBF7F6C678E6EE62C0A8E0630EFDC6BAB511A67A6A2AA9012663F7C392BBA6BB","15511","2026-10-06T13:27:48.7428665Z"
"worker-bridge.js","2F42BFC7BE5911A7364A30ACC74EC122DE7C5E1BA3EAFEF4471F624421E1F9FE","34756","2026-10-06T13:27:58.4912324Z"
"worker-proc-count-probe.js","8A8526149EE9471EC2C00A66258731E0E6AE414B54F8A48A7D6DF679E0802BC1","9286","2026-10-06T05:34:38.3856885Z"
"node_modules\.package-lock.json","8B25628B51F720B26EAFB76E67C1CB069DFEC47EA76B96C066AE348A8A16B233","30621","2026-10-06T02:24:38.1460311Z"
"node_modules\.bin\.install-electron-nQOpQrs3","0FDDA533B22D62EEB740967F79EE5236BFEFC9952DE472B80AF944AE648082C4","387","2026-10-06T01:54:01.1342489Z"
"node_modules\.bin\.install-electron.cmd-JjsjxS72","B76293141C16EC90F0AA09A915C4D2C1477AD0580D87E36CBE1A658E8DB33207","324","2026-10-06T01:54:01.1342489Z"
"node_modules\.bin\.install-electron.ps1-j8aIecqt","034A63559C1B744CBEC21DC855202D9C4E76C44BAF493A6708F97BF9E3DC0137","801","2026-10-06T01:54:01.1342489Z"
"node_modules\.bin\electron","3EFCABBE6F1397BE1EE69D8AA0C54B1B3DF34B494E15B6DBB82306C4F96FA7DB","379","2026-10-06T02:24:34.5954047Z"
"node_modules\.bin\electron.cmd","1F06764BF904F0B88060D6E0683CFFEE6E632689857DE11EA9C0958B610ADEA9","320","2026-10-06T02:24:34.5954047Z"
"node_modules\.bin\electron.ps1","5CBA3F0DB91463F725359E69AB2840964EF5F2C242D6FAFE6F17A7ABA36A2988","785","2026-10-06T02:24:34.5954047Z"
"node_modules\.bin\extract-zip","3194EBEF3D25AEF587DF8B4539F8D938E2BD5BA3E25A539AAAFB5B45A3CEDF5C","385","2026-10-06T02:24:34.5954047Z"
"node_modules\.bin\extract-zip.cmd","10EFB3C13932B569D2BD0E32D721291BBFFABEC8914F343101B64A6A0291BEEB","323","2026-10-06T02:24:34.5954047Z"
"node_modules\.bin\extract-zip.ps1","A1EA9A5CA306488A5B89D97BCC51E5294162580AAD780E38EE5DD36E39B1026D","797","2026-10-06T02:24:34.5954047Z"
"node_modules\.bin\semver","77EF070B2790156C37DD77EFD5D0CF54FBFF85D9C1ADABC890948192CD2B2639","389","2026-10-06T02:24:34.5954047Z"
"node_modules\.bin\semver.cmd","3FA2710C6522669C2253EDBD465CCF4C58D0D29E0EFF3337D7900CD4E5CEC7AC","325","2026-10-06T02:24:34.5954047Z"
"node_modules\.bin\semver.ps1","1E1355D1AAF2A75275F9D884DBCD2F1C713D4ADA1782FE8370BC21DB6AEDBC31","805","2026-10-06T02:24:34.5954047Z"
"node_modules\.undici-gap5mXgR\index-fetch.js","155DF504376841F714239FFBB43C7FBBFE3532C44AAFE19CA7FD1615A18D5F1D","2480","2026-10-06T01:54:00.9553436Z"
"node_modules\.undici-gap5mXgR\index.d.ts","B3FB72492A07A76F7BFA29ECADD029EEA081DF11512E4DFE6F930A5A9CB1FB75","87","2026-10-06T01:54:01.1147644Z"
"node_modules\.undici-gap5mXgR\index.js","DCA95E2BBF4BAE18325A4E5D9C887427A8A63A1345ED92A46F1067360DEC0FFA","8447","2026-10-06T01:54:00.9588591Z"
"node_modules\.undici-gap5mXgR\LICENSE","A6DB8096B2707BC0102D256917D4D33F298BA36D8C3F25DE067A2B5BB379DB27","1090","2026-10-06T01:54:00.7828821Z"
"node_modules\.undici-gap5mXgR\package.json","AA69335F22E3B6B3E8DD3E6122914A197DA41609B5FF37CFA765AF5A855288AC","6333","2026-10-06T01:54:01.0634233Z"
"node_modules\.undici-gap5mXgR\README.md","2C963A2F4D040FB3D18202BB3F23CF0E33F15FDBB16F0F07C5C4C9FC265B4B32","28271","2026-10-06T01:54:01.0909835Z"
"node_modules\.undici-gap5mXgR\docs\docs\api\Agent.md","E77F5A46D93D27A70C33F3533E4FFFB9D3FF75D002E314C29998CFC718C02156","2938","2026-10-06T01:54:01.0644356Z"
"node_modules\.undici-gap5mXgR\docs\docs\api\api-lifecycle.md","315BEF8BB747C29B2690FFCBC79713DF854B5E43A4616DE93AE5F842C9F75621","8283","2026-10-06T01:54:01.0647935Z"
"node_modules\.undici-gap5mXgR\docs\docs\api\BalancedPool.md","EADEEC57B37DA6BCB7BDFF5127269149318380ED037B3A2137781C2945B88A69","3057","2026-10-06T01:54:01.0658038Z"
"node_modules\.undici-gap5mXgR\docs\docs\api\CacheStorage.md","37E458D8BAFF658682379BF4196A9085FD7BAE0AA76560A23896A9F5D447E498","1078","2026-10-06T01:54:01.0667989Z"
"node_modules\.undici-gap5mXgR\docs\docs\api\CacheStore.md","C2DF38AB5A312E7B7B0CDB941A0FD34B51612B3D13F2D70B89A6BCB47366387A","5472","2026-10-06T01:54:01.0673024Z"
"node_modules\.undici-gap5mXgR\docs\docs\api\Client.md","4022A398D7AC679B8C777F19EB2DC5061A09AF2B2A593914F6B9E5504E9ECB15","13525","2026-10-06T01:54:01.0703133Z"
"node_modules\.undici-gap5mXgR\docs\docs\api\ClientStats.md","A568B57ED687A80393F3059937E941F9F5368772C7829E4C9685A2FA745C106E","522","2026-10-06T01:54:01.0703133Z"
"node_modules\.undici-gap5mXgR\docs\docs\api\Connector.md","C363FEDA8C4BB65F09379DF7F2D0164F88336A2487B3043876C275B2D04A01ED","3464","2026-10-06T01:54:01.0713176Z"
"node_modules\.undici-gap5mXgR\docs\docs\api\ContentType.md","B7418622C803D210B744FA1E705505A1C62829EC95B557FBC3071CC68B4FDCBD","1130","2026-10-06T01:54:01.0723176Z"
"node_modules\.undici-gap5mXgR\docs\docs\api\Cookies.md","5510C1CAC6D2B79B81CE74A664B98012099013FF160B294E1B9CAF33B23E8E4B","2650","2026-10-06T01:54:01.0723176Z"
"node_modules\.undici-gap5mXgR\docs\docs\api\Debug.md","E2097E6DF91877E52B575B926FF3D43962AA778E6ECA34F748A0C63F918DCFF2","2283","2026-10-06T01:54:01.0748274Z"
"node_modules\.undici-gap5mXgR\docs\docs\api\DiagnosticsChannel.md","770D93DFD812F62037C29059FF91753A4AAB0B97D865A8009A3C7D3B278D5179","11038","2026-10-06T01:54:01.0758338Z"
"node_modules\.undici-gap5mXgR\docs\docs\api\Dispatcher.md","0AB6E9A16AC733BB2E2C6021D68CC6EAEDDA6B59155D68AF734D83D6D0E3CB3D","46320","2026-10-06T01:54:01.0773297Z"
"node_modules\.undici-gap5mXgR\docs\docs\api\EnvHttpProxyAgent.md","A0EB830A46A3B42BC813462C6998CB6C568D918F1438401C11A96B94529293F2","5825","2026-10-06T01:54:01.0773297Z"
"node_modules\.undici-gap5mXgR\docs\docs\api\Errors.md","2CE5A5D33C4960B94F441E62BC313FD30C8427AFCF87C5FCD057C78D35EEC9EA","3991","2026-10-06T01:54:01.0788324Z"
"node_modules\.undici-gap5mXgR\docs\docs\api\EventSource.md","4F6ABF7C96D473FFB15FE5224DF7BC994FE03AE22B5903DBF8BD8F6FEE6A9AB6","1236","2026-10-06T01:54:01.0798372Z"
"node_modules\.undici-gap5mXgR\docs\docs\api\Fetch.md","0B861A7836A78316CE7415533735C4319E3B882CC982EF7D2735D29D6A2A3C2A","2573","2026-10-06T01:54:01.0798372Z"
"node_modules\.undici-gap5mXgR\docs\docs\api\GlobalInstallation.md","B2F8D71146D8FE804A489EF9E4F780214BA816F6F45F19CA94BDE732266E89B5","3847","2026-10-06T01:54:01.0808371Z"
"node_modules\.undici-gap5mXgR\docs\docs\api\H2CClient.md","BF1F6BF6A0073158E748693A6AE527053C2E85EC8E87D2411C525FDD1AA82D39","10585","2026-10-06T01:54:01.0818360Z"
"node_modules\.undici-gap5mXgR\docs\docs\api\MockAgent.md","2410634AE6CAE9B353D55144C93326D3317DF7A05F03D55CBDA8C7A81A0CBFB6","17885","2026-10-06T01:54:01.0818360Z"
"node_modules\.undici-gap5mXgR\docs\docs\api\MockCallHistory.md","B059D5B2A953CD8D44237F95F2927E47FCD475177599832716F2534705DAA02D","5632","2026-10-06T01:54:01.0833414Z"
"node_modules\.undici-gap5mXgR\docs\docs\api\MockCallHistoryLog.md","3FE81715F164747A9156904A704AE3B5C15B25D9C8415DF77A4400621B8C1320","1775","2026-10-06T01:54:01.0848710Z"
"node_modules\.undici-gap5mXgR\docs\docs\api\MockClient.md","EF57C87AAB22D39F1549CD8BD178317F6A1188F57B4B891356C4C6C0E058A5DB","2213","2026-10-06T01:54:01.0854022Z"
"node_modules\.undici-gap5mXgR\docs\docs\api\MockErrors.md","862B81346856A128B577CB7825500CB5B09095203F97F6E01DCB3A583B50947B","595","2026-10-06T01:54:01.0854022Z"
"node_modules\.undici-gap5mXgR\docs\docs\api\MockPool.md","EADB07B70B40F1D9CCAD70A878787F2C99E1BB83D4F06155456E4EA059C8894A","16582","2026-10-06T01:54:01.0869325Z"
"node_modules\.undici-gap5mXgR\docs\docs\api\Pool.md","4919C5265B241D0067BC8068C92CB2E30793C3BDB7139F1323A4E116D2B611E5","2941","2026-10-06T01:54:01.0879396Z"
"node_modules\.undici-gap5mXgR\docs\docs\api\PoolStats.md","EAE89AA388A6CB3B0A96C30736F6F5E6F4DF81EAEA706485B7FAD5EA3F7253F2","805","2026-10-06T01:54:01.0879396Z"
"node_modules\.undici-gap5mXgR\docs\docs\api\ProxyAgent.md","DAFF25867159019E49BF0C3A60624FABAD94E92BAE84C1224329F02632890CD9","8090","2026-10-06T01:54:01.0894619Z"
"node_modules\.undici-gap5mXgR\docs\docs\api\RedirectHandler.md","0BF06EB4C1895F4EDA3EFCC6AD59D8A3F354C1A54832E3E2120E052E430DEAC3","2590","2026-10-06T01:54:01.0929926Z"
"node_modules\.undici-gap5mXgR\docs\docs\api\RetryAgent.md","4B2B419FF9D278E8C1A20A418B9BABCFF971C9C948556E04E6E8D6E33E3DEB91","2262","2026-10-06T01:54:01.0939927Z"
"node_modules\.undici-gap5mXgR\docs\docs\api\RetryHandler.md","390712A1791393BA727C464CD0E7913975E77C9ED25DFD99B33930574E52C0A6","4587","2026-10-06T01:54:01.0939927Z"
"node_modules\.undici-gap5mXgR\docs\docs\api\RoundRobinPool.md","1B796F65D4126BD75D3FDC1765F077759DA1BF9DD9FBEC637E559A25F22A6E7D","6099","2026-10-06T01:54:01.0955005Z"
"node_modules\.undici-gap5mXgR\docs\docs\api\SnapshotAgent.md","83AE2C7E9DF88C9F951DF5F4F37CEDDFCDCFF7D31D131A8AA005843D324FEC86","16067","2026-10-06T01:54:01.0955005Z"
"node_modules\.undici-gap5mXgR\docs\docs\api\Socks5ProxyAgent.md","C335F2224671D055841CB4B63563BA5BCC35DABC2CA76B2489D6A6DA17E48F47","8786","2026-10-06T01:54:01.0955005Z"
"node_modules\.undici-gap5mXgR\docs\docs\api\Util.md","C61BEDD14DE49978130B2A390BDE9E83B79C7ED34A0DECDB4A3C4EEC1F925FB9","732","2026-10-06T01:54:01.0980389Z"
"node_modules\.undici-gap5mXgR\docs\docs\api\WebSocket.md","9C4E9E208C803E0D893392609F5D2156A8B1216E792EA3DBE4B2AC98D1A2FC69","4348","2026-10-06T01:54:01.0990364Z"
"node_modules\.undici-gap5mXgR\docs\docs\best-practices\client-certificate.md","F04BC4291917E454069C88F1A81326F0935A205930034930C01096B5D37E566B","2053","2026-10-06T01:54:01.0688059Z"
"node_modules\.undici-gap5mXgR\docs\docs\best-practices\crawling.md","E29AEF651867D2C66928D2DA7401B81FB69939AC88F9B5374091F73B70EF62D2","3150","2026-10-06T01:54:01.0738220Z"
"node_modules\.undici-gap5mXgR\docs\docs\best-practices\mocking-request.md","71BD60CFC22C379FA679704BFE27622E4B316B43DE0B9B190A7784BA31B4989F","5557","2026-10-06T01:54:01.0854022Z"
"node_modules\.undici-gap5mXgR\docs\docs\best-practices\proxy.md","E37E207295E581D9984557F485316060785BC0AAAE4B94C02FCD46356BDB1591","3336","2026-10-06T01:54:01.0894619Z"
"node_modules\.undici-gap5mXgR\docs\docs\best-practices\undici-vs-builtin-fetch.md","255B781D22E486E30FC32F8D893C1A4D292F6A6B98EB74D6343781E3E803CFA8","6594","2026-10-06T01:54:01.0970309Z"
"node_modules\.undici-gap5mXgR\docs\docs\best-practices\writing-tests.md","4C0D5A920208AA6395F58134077B40A5E201C645B28007276743B53E82696D91","2218","2026-10-06T01:54:01.0995411Z"
"node_modules\.undici-gap5mXgR\lib\global.js","D8E78F218C7BBEFDEC657F3AE81E31A7F811DF511FE951E3A35E3DAC1E368E21","1480","2026-10-06T01:54:00.9472613Z"
"node_modules\.undici-gap5mXgR\lib\api\abort-signal.js","46AC3527AFFB69036384C8BAEC5BF34BA567ADB336921C7A62E8F471BB827F37","1071","2026-10-06T01:54:00.7858860Z"
"node_modules\.undici-gap5mXgR\lib\api\api-connect.js","D8CA4A5CBFF898AFB26573CCA18B9AAB2928D8113D5D8897B5FC193EF343FCF0","2608","2026-10-06T01:54:00.7935459Z"
"node_modules\.undici-gap5mXgR\lib\api\api-pipeline.js","46265A16BB621E8723A98DA72824CB92A43CB27B912F336919E5C73049710772","5426","2026-10-06T01:54:00.7945509Z"
"node_modules\.undici-gap5mXgR\lib\api\api-request.js","93474854999D0A80815ED132640D50E3ED2CBC74B3BC9EC84704B923C7CA6A35","5612","2026-10-06T01:54:00.7955468Z"
"node_modules\.undici-gap5mXgR\lib\api\api-stream.js","9DA4D699B6746216898B44A1BEABB6E65DE8C6AAB825DF51890DA563F42D8AFF","4729","2026-10-06T01:54:00.7970518Z"
"node_modules\.undici-gap5mXgR\lib\api\api-upgrade.js","86659D0E904788981BD2D3DE9A391F35630099BA21B8B898619EAC62C514B429","2718","2026-10-06T01:54:00.7980672Z"
"node_modules\.undici-gap5mXgR\lib\api\index.js","A7B4B74EA6B81B2401F8659C138DF54FD3F2C45450741682C026ABB4CF133096","264","2026-10-06T01:54:00.9610114Z"
"node_modules\.undici-gap5mXgR\lib\api\readable.js","EE3CBCC13AAD446DAD1C2FE3105F21FB2C7761776C2C6634980A760C4CDD4669","13662","2026-10-06T01:54:01.0158149Z"
"node_modules\.undici-gap5mXgR\lib\cache\memory-cache-store.js","531953D14BF94D58DF4997B73C03683854AD206FD62585BA54261B28292FDEC7","7489","2026-10-06T01:54:00.9910673Z"
"node_modules\.undici-gap5mXgR\lib\cache\sqlite-cache-store.js","CAC3E06815BA09FD686755476B6DD683905FB630C3E39DF49C78238FA26DB3B6","11500","2026-10-06T01:54:01.0423509Z"
"node_modules\.undici-gap5mXgR\lib\core\connect.js","67956A204FE3982EDBF032DD44FF9C1C391DAAA85C05E9750D245BDFB2B87FE0","4679","2026-10-06T01:54:00.8702821Z"
"node_modules\.undici-gap5mXgR\lib\core\constants.js","FEEB46180CFA4623DA75627C9C3A5D5F38945644C30B7AFE37415437ED71BCA2","3260","2026-10-06T01:54:00.8768646Z"
"node_modules\.undici-gap5mXgR\lib\core\diagnostics.js","907CE2D66CEDE91B860A1C1318EBDF0D9577C0F747A3B35510162C63489F28BC","6575","2026-10-06T01:54:00.9140704Z"
"node_modules\.undici-gap5mXgR\lib\core\errors.js","C69B7A060B711E4CD97F3FF05EB18CF4EC7A08CE5D618C54A567BAF6F1A47481","12802","2026-10-06T01:54:00.9253286Z"
"node_modules\.undici-gap5mXgR\lib\core\request.js","3352C955F070BAA991C4C7BD648C63732B120EBDDD10CAE01B2EE848CD172BBB","13390","2026-10-06T01:54:01.0225283Z"
"node_modules\.undici-gap5mXgR\lib\core\socks5-client.js","5EE3D782919A74B4C0FC0AAC0DA1D39ABD759F7C017F7B3D4B932CCAFDDD1BE7","11830","2026-10-06T01:54:01.0398420Z"
"node_modules\.undici-gap5mXgR\lib\core\socks5-utils.js","830467B148E86786F41C356667625721DFD9BEF27FD85ADA0FB498BDA9A19016","6063","2026-10-06T01:54:01.0418469Z"
"node_modules\.undici-gap5mXgR\lib\core\symbols.js","4B839C2A59097740289C27D80548EABA8E6B557ED3204402C050B9A42CD5A0CC","2918","2026-10-06T01:54:01.0458763Z"
"node_modules\.undici-gap5mXgR\lib\core\tree.js","C9FC9938718F33D77A6ED1ABAC5E564531AC9F9436CDE2867243D50CD6C0B4E8","3582","2026-10-06T01:54:01.0490989Z"
"node_modules\.undici-gap5mXgR\lib\core\util.js","A53177756A60479215B577B895867E92E3CE0D61AB479FB642CD4420E84CC165","26027","2026-10-06T01:54:01.0509089Z"
"node_modules\.undici-gap5mXgR\lib\dispatcher\agent.js","7CBF227CCF6337E109CE567EBEF036A6BAB04EB81B3DE3645ADEE5256AA79BF6","4735","2026-10-06T01:54:00.7925488Z"
"node_modules\.undici-gap5mXgR\lib\dispatcher\balanced-pool.js","90989FE532A02854D88C5F4AF9C8BBEC33F24D2318D3B4534F1128E273E5463D","5881","2026-10-06T01:54:00.7990586Z"
"node_modules\.undici-gap5mXgR\lib\dispatcher\client-h1.js","FF9200C5DCB081AFC63CFF840792099D06B659F1A3430871F967C70C3BC95EDD","45347","2026-10-06T01:54:00.8525672Z"
"node_modules\.undici-gap5mXgR\lib\dispatcher\client-h2.js","ED7F9B02AD63D3200062AE214D6F3DD0B7FD3E29271D0EEE5B441A0599996FFA","30100","2026-10-06T01:54:00.8596341Z"
"node_modules\.undici-gap5mXgR\lib\dispatcher\client.js","07529B464FB6BE9B42BD4A34D2EA0E090812B237EC3A1F047AB94DF052FA428F","19117","2026-10-06T01:54:00.8636825Z"
"node_modules\.undici-gap5mXgR\lib\dispatcher\dispatcher-base.js","B83EE0C7F9CCBF0FF06D4A127F1D7C50E337351ED605DEF247E049BE7FEBBCCD","4223","2026-10-06T01:54:00.9156181Z"
"node_modules\.undici-gap5mXgR\lib\dispatcher\dispatcher.js","39907C123FD59F712111E719BA43426525C17BA0FCD279F6E892F829264DDA0A","1288","2026-10-06T01:54:00.9181295Z"
"node_modules\.undici-gap5mXgR\lib\dispatcher\env-http-proxy-agent.js","1F572709BC4F0E0469579C37192C0D6376C1B4875B7667B80513706FBC13B41A","4343","2026-10-06T01:54:00.9238124Z"
"node_modules\.undici-gap5mXgR\lib\dispatcher\fixed-queue.js","5D72C9DE20E74D2437AFC97F9F9E8E202D79983A77D2A598AC9AB1E0A8D0052D","4615","2026-10-06T01:54:00.9353863Z"
"node_modules\.undici-gap5mXgR\lib\dispatcher\h2c-client.js","80188685D9C10D6904D8857668E835DBE16515B17B7E7BFA02B043F67BE7AFA4","1295","2026-10-06T01:54:00.9513462Z"
"node_modules\.undici-gap5mXgR\lib\dispatcher\pool-base.js","AA257609B208A90E73E110AC3B7C75B5599B310BB2B9BD15464C36216A94613A","5013","2026-10-06T01:54:01.0097741Z"
"node_modules\.undici-gap5mXgR\lib\dispatcher\pool.js","1C8056214B32004C8E38CDDA2BBD67C4EDD1AEC1FED0A3681AAD7B22D35273A1","3436","2026-10-06T01:54:01.0108100Z"
"node_modules\.undici-gap5mXgR\lib\dispatcher\proxy-agent.js","40F18BBC8B5C9512D4BDBF7BDE47A787CBEFE98D19F40D5703F5286A67BF5F53","9562","2026-10-06T01:54:01.0138169Z"
"node_modules\.undici-gap5mXgR\lib\dispatcher\retry-agent.js","465E9429750441852CB0ED19BD669DBE2ECA2B531CE6966040551A9B6550AE30","684","2026-10-06T01:54:01.0291356Z"
"node_modules\.undici-gap5mXgR\lib\dispatcher\round-robin-pool.js","AF12924B9556033697F61A2671318FBDE98C84536E991BD0700C076E8467FC92","3738","2026-10-06T01:54:01.0338100Z"
"node_modules\.undici-gap5mXgR\lib\dispatcher\socks5-proxy-agent.js","9A7A9CB6CBBACCC867A6C36541FF95F89FA3863DCB5548EB46C449B2333174B3","7876","2026-10-06T01:54:01.0408469Z"
"node_modules\.undici-gap5mXgR\lib\encoding\index.js","7EA8FE81FF3C9D054F3EF8BB67BFE260B2E930C51D5D5563CA2EF19A218A5909","793","2026-10-06T01:54:00.9631015Z"
"node_modules\.undici-gap5mXgR\lib\handler\cache-handler.js","328FDF6D0B5302D1F6D61AEAB7700884E8A5BC1C372359C952A7BBDB2930CA65","23732","2026-10-06T01:54:00.8096425Z"
"node_modules\.undici-gap5mXgR\lib\handler\cache-revalidation-handler.js","85A375BC55F22471CFA3D900D6F901A004A580FC68CA9AEB9C2885F330C7B01E","3401","2026-10-06T01:54:00.8179834Z"
"node_modules\.undici-gap5mXgR\lib\handler\decorator-handler.js","A3C2F832C5E58C7F8E33388C7B1A10880906CACA9A077492B73D7F8A1C6963E3","1444","2026-10-06T01:54:00.9080475Z"
"node_modules\.undici-gap5mXgR\lib\handler\deduplication-handler.js","048CA694B451B4016EBE53739C1BF5DD342319D8912A9FD5ABDC2F7C5385467E","11502","2026-10-06T01:54:00.9115630Z"
"node_modules\.undici-gap5mXgR\lib\handler\redirect-handler.js","80A1CC48B27A48FBD1D1F57C47C20C89AB055D599F2B649623BE02149B519C61","8969","2026-10-06T01:54:01.0195038Z"
"node_modules\.undici-gap5mXgR\lib\handler\retry-handler.js","7CA077F088A84E4E4C1BB3BDC6524808B90E4AA21EC36382A03CB14080F727A8","14426","2026-10-06T01:54:01.0312657Z"
"node_modules\.undici-gap5mXgR\lib\handler\unwrap-handler.js","618C664B488381F63EA43B8B3B1D26C3EE3A0272259941AB79410C0D6D8EAAE0","2241","2026-10-06T01:54:01.0490989Z"
"node_modules\.undici-gap5mXgR\lib\handler\wrap-handler.js","D8A2903C97106D27840633053F007E916744F4091C6EBF0756B368F147AE13A8","2576","2026-10-06T01:54:01.0619111Z"
"node_modules\.undici-gap5mXgR\lib\interceptor\cache.js","CB7C1A724C51B1A1834A9E8FE2E6F1BD84312E55A4E7C7099B941085B2D6FF62","19207","2026-10-06T01:54:00.8252560Z"
"node_modules\.undici-gap5mXgR\lib\interceptor\decompress.js","E8D5AC020DE639A88F5A890B6B4A7A64D44AC6941761CB1413DA4201AD259C34","15774","2026-10-06T01:54:00.9055351Z"
"node_modules\.undici-gap5mXgR\lib\interceptor\deduplicate.js","FF08E37261E35221586120CDC85CE08981064E7B1726E1089C116C70BFE20627","4086","2026-10-06T01:54:00.9105646Z"
"node_modules\.undici-gap5mXgR\lib\interceptor\dns.js","FD57881DED93891FFC1590C4BFBD906BAE084B02F3E9C86F52118DF1CEC540A9","14181","2026-10-06T01:54:00.9202715Z"
"node_modules\.undici-gap5mXgR\lib\interceptor\dump.js","30D035BAE71552EF4CD19B264728482ABB9A7B5F82AF47FFB9AD81E2541EA4BC","2416","2026-10-06T01:54:00.9223080Z"
"node_modules\.undici-gap5mXgR\lib\interceptor\redirect.js","07E2BA6095945D7D374DFD6DD17450676F55CBD088400C19B9A1BF8A0010599E","717","2026-10-06T01:54:01.0205168Z"
"node_modules\.undici-gap5mXgR\lib\interceptor\response-error.js","9CB06334D1C1F791784005789CC5AFB9DAEA396C7F5E0C962AF90538B4843E10","2403","2026-10-06T01:54:01.0256096Z"
"node_modules\.undici-gap5mXgR\lib\interceptor\retry.js","488CF270AE143CC13A6ECF82BA523314FDBB17FD9EE08677C4488D4410F047C3","419","2026-10-06T01:54:01.0328002Z"
"node_modules\.undici-gap5mXgR\lib\llhttp\.gitkeep","E3B0C44298FC1C149AFBF4C8996FB92427AE41E4649B934CA495991B7852B855","0","2026-10-06T01:54:00.7770675Z"
"node_modules\.undici-gap5mXgR\lib\llhttp\constants.d.ts","9A9B4B9F5E08BD6C88BB2AD56007441E20B34B103DAD02883D84E6E7C5C04E03","4307","2026-10-06T01:54:01.1045513Z"
"node_modules\.undici-gap5mXgR\lib\llhttp\constants.js","90C4858736745781548D464E51224CE9353162CD87BC8142BE803BC2937184BA","17069","2026-10-06T01:54:00.8810995Z"
"node_modules\.undici-gap5mXgR\lib\llhttp\llhttp_simd-wasm.js","52C16227482700834512F2C2257EB44652F39B11F868600562274F476025E4BD","72531","2026-10-06T01:54:00.9840193Z"
"node_modules\.undici-gap5mXgR\lib\llhttp\llhttp-wasm.js","344F7AE80C983694372D9234584A1261EF5492AB219D6E573E933F5D1C715B00","72279","2026-10-06T01:54:00.9890626Z"
"node_modules\.undici-gap5mXgR\lib\llhttp\utils.d.ts","C79B06274BC1E38C70AA5259A1279290AFD5B914FC01438EFB0EA54A617A9FFB","162","2026-10-06T01:54:01.1274683Z"
"node_modules\.undici-gap5mXgR\lib\llhttp\utils.js","E21AFCAF44B0FEC37ACFFF86945E4526541E990AC0EFD2F1EFA2EA9F2B259B6B","526","2026-10-06T01:54:01.0570056Z"
"node_modules\.undici-gap5mXgR\lib\mock\mock-agent.js","F612291584FEDE3068AFA88C7BBF0821248D4809925F6DCAC32BD7D0FDBD3274","7126","2026-10-06T01:54:00.9930690Z"
"node_modules\.undici-gap5mXgR\lib\mock\mock-call-history.js","DA183E702DA0F0066EA534681118D65B5AC97415662DF6B74F978AE831B1674B","8061","2026-10-06T01:54:00.9940684Z"
"node_modules\.undici-gap5mXgR\lib\mock\mock-client.js","108D91EF5F916D094A78D92A4D81F2CD4BFE20708AE6307D8197DE81D826CE5C","1736","2026-10-06T01:54:00.9950676Z"
"node_modules\.undici-gap5mXgR\lib\mock\mock-errors.js","B5BD959401DE99D8129BA272DDDFDB62708247F684A8186AA4D858E2780D64EE","707","2026-10-06T01:54:00.9970722Z"
"node_modules\.undici-gap5mXgR\lib\mock\mock-interceptor.js","F2AC4FE03EB49B31AFB0F4C8636E4B63C5CA2F17C8AC34CB613028AB08F072EA","7102","2026-10-06T01:54:00.9990867Z"
"node_modules\.undici-gap5mXgR\lib\mock\mock-pool.js","763D77CE68F6315F384B5E897B87EA2E2034B69D29E2D6D2DA37AE8A0679197C","1722","2026-10-06T01:54:01.0006870Z"
"node_modules\.undici-gap5mXgR\lib\mock\mock-symbols.js","B90B7DC21D5A18C2E5255B0916BF75E880EEF32CA45AB312A581547041638E20","1421","2026-10-06T01:54:01.0017024Z"
"node_modules\.undici-gap5mXgR\lib\mock\mock-utils.js","4720EC7096039FB8F0044E8DD3B22D4EAEBD8E7CE61F814908B92BAC406F6444","14157","2026-10-06T01:54:01.0037416Z"
"node_modules\.undici-gap5mXgR\lib\mock\pending-interceptors-formatter.js","9D3737F40BA601FD7A9C6DD28A328E6797686FF08DA712DCD0A0F011D5639F8D","1186","2026-10-06T01:54:01.0067516Z"
"node_modules\.undici-gap5mXgR\lib\mock\snapshot-agent.js","54F61CFE219A66DC2B17D0535C06429093105F321D9A60BF4B439225C028F6C1","11202","2026-10-06T01:54:01.0353151Z"
"node_modules\.undici-gap5mXgR\lib\mock\snapshot-recorder.js","9BF63C8B207B6F6E7FE4400B32D8322CFC185735D6ECFBD87A2691A8FBA82922","19808","2026-10-06T01:54:01.0368246Z"
"node_modules\.undici-gap5mXgR\lib\mock\snapshot-utils.js","0971C847787D90ABCB0BF4E1D76161A2F82651169CC8E637B26875FECAB666F8","4852","2026-10-06T01:54:01.0378330Z"
"node_modules\.undici-gap5mXgR\lib\util\cache.js","3C4DC94325AA355F99D20F3EA878C13299DBC73986F1CAAAF8D0D3CD8DFFCE5D","19720","2026-10-06T01:54:00.8322922Z"
"node_modules\.undici-gap5mXgR\lib\util\date.js","153AD641CBDB4CC5ACACC8B50B79684166E29B838192BF98B2D32E2871FF7522","20211","2026-10-06T01:54:00.9010224Z"
"node_modules\.undici-gap5mXgR\lib\util\promise.js","123EDB8CF7EB03156BEB04A3482C5CB86BDDF3F8348B857EDB263CAE38BC482B","570","2026-10-06T01:54:01.0118187Z"
"node_modules\.undici-gap5mXgR\lib\util\runtime-features.js","EDA04942C74B6C80341E3DF2112968BCD1810271AAB9215261306811C3EE60A4","3263","2026-10-06T01:54:01.0338100Z"
"node_modules\.undici-gap5mXgR\lib\util\stats.js","D62AE00EAF72F33CC990A3A835D70B9C7D2F10D47ACFFA0E631EA82145B7C34E","600","2026-10-06T01:54:01.0423509Z"
"node_modules\.undici-gap5mXgR\lib\util\timers.js","4E5EF13CE9E1CA6DE8A656B95E2425602BACBD6010AF1DA3CE573F8D8F573119","12027","2026-10-06T01:54:01.0458763Z"
"node_modules\.undici-gap5mXgR\lib\web\cache\cache.js","60015D174411D4094837CE8F1D44A4AD0B4946C26A49D28E5D95F6D840AC4F82","21152","2026-10-06T01:54:00.8403350Z"
"node_modules\.undici-gap5mXgR\lib\web\cache\cachestorage.js","F9CCCD19FBC185EDAC7624E542B0864412D71C2083177F3C6902B34D2B07D461","3666","2026-10-06T01:54:00.8458430Z"
"node_modules\.undici-gap5mXgR\lib\web\cache\util.js","638D5C2424A730E6D2400AC518765B3FC9B50E2B3816B65FB7B46F93C66A5930","1020","2026-10-06T01:54:01.0519149Z"
"node_modules\.undici-gap5mXgR\lib\web\cookies\constants.js","85A24AE49EB5954E15363049BBC68967F01AAE7260246DAA3F49AD375429ACB4","306","2026-10-06T01:54:00.8868713Z"
"node_modules\.undici-gap5mXgR\lib\web\cookies\index.js","3F3DD4FFC1E3DB9F51A4E82C3C49E7D59C7921899EB897D9CF5B2787FDAFE83D","4382","2026-10-06T01:54:00.9650989Z"
"node_modules\.undici-gap5mXgR\lib\web\cookies\parse.js","D4768B29FD6B5AC9AD045936597618858DD15B38E1AF6EB12281379FBFBBEBE5","12736","2026-10-06T01:54:01.0052453Z"
"node_modules\.undici-gap5mXgR\lib\web\cookies\util.js","51941B2FB0A6F29E389B91236050B1FC4BDAF57051AE53145767219A9D3C5F09","9261","2026-10-06T01:54:01.0524211Z"
"node_modules\.undici-gap5mXgR\lib\web\eventsource\eventsource-stream.js","FE7A94FE87999A6F1E489CA02D4069AE099800166954D32B080FE1282545E511","12061","2026-10-06T01:54:00.9313852Z"
"node_modules\.undici-gap5mXgR\lib\web\eventsource\eventsource.js","4D9FD7D5E3B39F1C2D0332292FEBCAE08D9A9E77CEDE87ED9455F8D904077FF9","14752","2026-10-06T01:54:00.9333879Z"
"node_modules\.undici-gap5mXgR\lib\web\eventsource\util.js","40BE55B091614715ABC90794A686016E3139273F8DAFCC6CAC1BB7AFA7DB4643","629","2026-10-06T01:54:01.0529443Z"
"node_modules\.undici-gap5mXgR\lib\web\fetch\body.js","FD7E1FE68E263F3296ECF0F4F799B3099717ECD8C9626DB9BAB73B7A4DB7EB7D","17544","2026-10-06T01:54:00.7995620Z"
"node_modules\.undici-gap5mXgR\lib\web\fetch\constants.js","030E21057CDD1758DB16EB0E86806BE93B7616E5F46D9A93B90A9A8E99672423","3606","2026-10-06T01:54:00.8878779Z"
"node_modules\.undici-gap5mXgR\lib\web\fetch\data-url.js","ACD2AE8C00E035A8B3C816C8A5F75EEBFE12AB7DB61158488CC350F92785FCD4","17669","2026-10-06T01:54:00.8944136Z"
"node_modules\.undici-gap5mXgR\lib\web\fetch\formdata-parser.js","D5D048201A040865A4376E423FD78B102AD164CB51AD7B0ADE56897C7318BD6B","18344","2026-10-06T01:54:00.9374154Z"
"node_modules\.undici-gap5mXgR\lib\web\fetch\formdata.js","957184704F2EF215849411F702BDB9BCFF1F42D81DFC0F69B16FF62670BF936A","7421","2026-10-06T01:54:00.9412408Z"
"node_modules\.undici-gap5mXgR\lib\web\fetch\global.js","6B38813B82EC8D5002009640515D35F83AB96D4F8E0066D71FAE89324079A289","890","2026-10-06T01:54:00.9488097Z"
"node_modules\.undici-gap5mXgR\lib\web\fetch\headers.js","0CA9BCB1CB174A19311B27F55B954D53E5ADC06D6AA935C42DF96C9A4453D0A7","20872","2026-10-06T01:54:00.9543460Z"
"node_modules\.undici-gap5mXgR\lib\web\fetch\index.js","DE99D1D1944B747C6428A73F8AD72F687C1C66A568AF5AAAE90C9DD22AAA2AA7","89634","2026-10-06T01:54:00.9727302Z"
"node_modules\.undici-gap5mXgR\lib\web\fetch\LICENSE","A21D6C8D3FC631198B97E57584697F7F9C37805C71C6CF9A12E4442B40394B88","1071","2026-10-06T01:54:00.7792212Z"
"node_modules\.undici-gap5mXgR\lib\web\fetch\request.js","B4B36815F3C0D082AB8F413A27085F0B197F8CDF04880DB15BF7D1F0084D780A","35971","2026-10-06T01:54:01.0245332Z"
"node_modules\.undici-gap5mXgR\lib\web\fetch\response.js","0C376C359711217831D095D8139FB62B290C77DCA1FE93E708D1B081074812FC","19793","2026-10-06T01:54:01.0271158Z"
"node_modules\.undici-gap5mXgR\lib\web\fetch\util.js","765B5CFB803401DBB591B1E28D22FD6A9FD6DB4C0BF2EC5F86DC89E39429E016","48246","2026-10-06T01:54:01.0549541Z"
"node_modules\.undici-gap5mXgR\lib\web\infra\index.js","06CF4D0FE3220E2309F389D40D6E403E2C765CCB7552F68FCE60CC2D25EE13BC","6357","2026-10-06T01:54:00.9767357Z"
"node_modules\.undici-gap5mXgR\lib\web\subresource-integrity\Readme.md","0D3DA607C6E6D7420679C47E869BDC926266CC94D39FB243D9CD3F9A217986F8","385","2026-10-06T01:54:01.0894619Z"
"node_modules\.undici-gap5mXgR\lib\web\subresource-integrity\subresource-integrity.js","65997037F348E22746F0852037998BA64FB83E6428485C6E200D42DA8A154A75","9569","2026-10-06T01:54:01.0448752Z"
"node_modules\.undici-gap5mXgR\lib\web\webidl\index.js","3242D1BFD31CAC178A66DD4113DA3DBF1D4E886439853BE233F71922DD9853C0","29652","2026-10-06T01:54:00.9797251Z"
"node_modules\.undici-gap5mXgR\lib\web\websocket\connection.js","97657A119B4E6C47AC97C34752AF8400DDB2584F3DEA60B2CE51410F1B4E6DEF","14594","2026-10-06T01:54:00.8753587Z"
"node_modules\.undici-gap5mXgR\lib\web\websocket\constants.js","E7B6D0550A367BA9EDFB68B14BD3FBE44FD3042FAF76901567B8C3FFC2CCFA84","2103","2026-10-06T01:54:00.8908895Z"
"node_modules\.undici-gap5mXgR\lib\web\websocket\events.js","D88278A61F86BF66E3BE1722D13A469E4AF7BB8F767241F7F0AAB104B92BC38B","7313","2026-10-06T01:54:00.9278781Z"
"node_modules\.undici-gap5mXgR\lib\web\websocket\frame.js","D848070D5865BCEC4E85D8B5785B6DD3AB4FBC388B28E3CFCAD9805C1A83A789","3414","2026-10-06T01:54:00.9457520Z"
"node_modules\.undici-gap5mXgR\lib\web\websocket\permessage-deflate.js","DA8D8DC29515BCE2BA4DEF5C3F811F8644EEB5D4819BC521D5811FBBDDA4AFB7","3104","2026-10-06T01:54:01.0087599Z"
"node_modules\.undici-gap5mXgR\lib\web\websocket\receiver.js","9A1F6E6DF954A772C5BED6C6D7B3ECE04D5FC7A3208672E6F177D8F9D7BB110B","16386","2026-10-06T01:54:01.0168180Z"
"node_modules\.undici-gap5mXgR\lib\web\websocket\sender.js","5C5E162F1252D9C91D5CD30AE59C722F1E1CD7DF86F03BF45FE085915C2D72E9","2581","2026-10-06T01:54:01.0353151Z"
"node_modules\.undici-gap5mXgR\lib\web\websocket\util.js","BB4A7BD7F2BF57E45245E41E05CC8D0BDB55FEABFD16BBAFF7A381863BA5907F","9727","2026-10-06T01:54:01.0560096Z"
"node_modules\.undici-gap5mXgR\lib\web\websocket\websocket.js","AFDB5256FC5D0E8873FB4ACA42B1787E15ACA4EF39966CA255464C571E1EDF2A","24351","2026-10-06T01:54:01.0581257Z"
"node_modules\.undici-gap5mXgR\lib\web\websocket\stream\websocketerror.js","41FAFEC8F19753C6718B024C95AFEC6E6407197250FFBE56D81549D715BB0BCC","2774","2026-10-06T01:54:01.0605998Z"
"node_modules\.undici-gap5mXgR\lib\web\websocket\stream\websocketstream.js","B059A716DC53FCCDE7443ED89567DFBCF0FFA019E41D5F71A09FE98E0E33430D","17959","2026-10-06T01:54:01.0619111Z"
"node_modules\.undici-gap5mXgR\scripts\strip-comments.js","72257817367403F268D17F35D61030EC57698063C14E15B7133AC28850D9C7B5","312","2026-10-06T01:54:01.0438702Z"
"node_modules\.undici-gap5mXgR\types\agent.d.ts","7BEFAF0E76B5671BE1D47B77FCC65F2B0AAD91CC26529DF1904F4A7C46D216E9","1167","2026-10-06T01:54:01.0995411Z"
"node_modules\.undici-gap5mXgR\types\api.d.ts","8AEE8B6D4F9F62CF3776CDA1305FB18763E2AADE7E13CEA5BBE699112DF85214","1609","2026-10-06T01:54:01.1005442Z"
"node_modules\.undici-gap5mXgR\types\balanced-pool.d.ts","4D327F7D72AD0918275CEA3EEE49A6A8DC8114AE1D5B7F3F5D0774DE75F7439A","1019","2026-10-06T01:54:01.1015497Z"
"node_modules\.undici-gap5mXgR\types\cache-interceptor.d.ts","98498B101803BB3DDE9F76A56E65C14B75DB1CC8BEC5F4DB72BE541570F74FC5","4362","2026-10-06T01:54:01.1025508Z"
"node_modules\.undici-gap5mXgR\types\cache.d.ts","C46E079FE54C76F95C67FB89081B3E399DA2C7D109E7DCA8E4B58D83E332E605","1251","2026-10-06T01:54:01.1035521Z"
"node_modules\.undici-gap5mXgR\types\client-stats.d.ts","68834D631C8838C715F225509CFC3927913B9CC7A4870460B5B60C8DBDB99BAF","456","2026-10-06T01:54:01.1035521Z"
"node_modules\.undici-gap5mXgR\types\client.d.ts","82E8858179F8B8895DB6F005F2152D4EDA2273721F52BE47E22D48BD84590F95","6084","2026-10-06T01:54:01.1045513Z"
"node_modules\.undici-gap5mXgR\types\connector.d.ts","14E9ACF826BABA0EF4B5665704084896E7BCC06F65A9AB13AF7E93D27D6B7069","1105","2026-10-06T01:54:01.1045513Z"
"node_modules\.undici-gap5mXgR\types\content-type.d.ts","2E85DB9E6FD73CFA3D7F28E0AB6B55417EA18931423BD47B409A96E4A169E8E6","561","2026-10-06T01:54:01.1060565Z"
"node_modules\.undici-gap5mXgR\types\cookies.d.ts","59AF37CAEC41ECF7B2E76059C9672A49E682C1A2AA6F9D7DC78878F53AA284D6","696","2026-10-06T01:54:01.1070603Z"
"node_modules\.undici-gap5mXgR\types\diagnostics-channel.d.ts","12950411EEAB8563B349CB7959543D92D8D02C289ED893D78499A19BECB5A8CC","1776","2026-10-06T01:54:01.1077455Z"
"node_modules\.undici-gap5mXgR\types\dispatcher.d.ts","171B96F31E3FBDB55FE570F2A29A5EE47223FDCA95A84EA2142E4CC4FEAF9DFE","15718","2026-10-06T01:54:01.1088898Z"
"node_modules\.undici-gap5mXgR\types\env-http-proxy-agent.d.ts","80AAE6AFC67FAA5AC0B32B5B8BC8CC9F7FA299CFF15CF09CC2E11FD28C6AE29E","732","2026-10-06T01:54:01.1088898Z"
"node_modules\.undici-gap5mXgR\types\errors.d.ts","EEC76BF6B9346F3F95FA402621B889489E96930E72295B0369022F332E9B4A6A","4868","2026-10-06T01:54:01.1098957Z"
"node_modules\.undici-gap5mXgR\types\eventsource.d.ts","ADF27937DBA6AF9F08A68C5B1D3FCE0CA7D4B960C57E6D6C844E7D1A8E53ADAE","1794","2026-10-06T01:54:01.1098957Z"
"node_modules\.undici-gap5mXgR\types\fetch.d.ts","3AC40516C33B87F751F7507346933081A26CDB8A3E11A6B3AA07D23F803C85DB","7029","2026-10-06T01:54:01.1112488Z"
"node_modules\.undici-gap5mXgR\types\formdata.d.ts","4AC80270B6787C2B77A2D98A9714A71F4363C24B5890314F3BA582C94BFBE779","5108","2026-10-06T01:54:01.1122493Z"
"node_modules\.undici-gap5mXgR\types\global-dispatcher.d.ts","EA6BC8DE8B59F90A7A3960005FD01988F98FD0784E14BC6922DDE2E93305EC7D","275","2026-10-06T01:54:01.1122493Z"
"node_modules\.undici-gap5mXgR\types\global-origin.d.ts","36107995674B29284A115E21A0618C4C2751B32A8766DD4CB3BA740308B16D59","176","2026-10-06T01:54:01.1122493Z"
"node_modules\.undici-gap5mXgR\types\h2c-client.d.ts","E85D7F8068F6A26710BFF0CC8C0FC5E47F71089C3780FBEDE05857331D2DDEC9","3706","2026-10-06T01:54:01.1122493Z"
"node_modules\.undici-gap5mXgR\types\handlers.d.ts","D243DB6B25788F439E7E2F03C05688E92F46764351673BB0E7B2F3631232E186","413","2026-10-06T01:54:01.1137591Z"
"node_modules\.undici-gap5mXgR\types\header.d.ts","23CD712E2CE083D68AFE69224587438E5914B457B8ACF87073C22494D706A3D0","3336","2026-10-06T01:54:01.1137591Z"
"node_modules\.undici-gap5mXgR\types\index.d.ts","114F493B30F364255290472111B5A4791D5902C308645670CD0401429CBC6930","4557","2026-10-06T01:54:01.1157684Z"
"node_modules\.undici-gap5mXgR\types\interceptors.d.ts","1D5E86E300D9FDEB1E3E88AA4F24D780F045195FCB2DBC24B68BF49C9F816C5E","3714","2026-10-06T01:54:01.1157684Z"
"node_modules\.undici-gap5mXgR\types\mock-agent.d.ts","9666F2F84B985B62400D2E5AB0ADAE9FF44DE9B2A34803C2C5BD3C8325B17DC0","3448","2026-10-06T01:54:01.1168158Z"
"node_modules\.undici-gap5mXgR\types\mock-call-history.d.ts","0B6E25234B4EEC6ED96AB138D96EB70B135690D7DD01F3DD8A8AB291C35A683A","5558","2026-10-06T01:54:01.1173454Z"
"node_modules\.undici-gap5mXgR\types\mock-client.d.ts","40CD35C95E9CF22CFA5BD84E96408B6FCBCA55295F4FF822390ABB11AFBC3DCA","1065","2026-10-06T01:54:01.1188995Z"
"node_modules\.undici-gap5mXgR\types\mock-errors.d.ts","40B463C6766CA1B689BFCC46D26B5E295954F32AD43E37EE6953C0A677E4AE2B","336","2026-10-06T01:54:01.1194379Z"
"node_modules\.undici-gap5mXgR\types\mock-interceptor.d.ts","0A60A292B89CA7218B8616F78E5BBD1C96B87E048849469CCCB4355E98AF959A","3931","2026-10-06T01:54:01.1194379Z"
"node_modules\.undici-gap5mXgR\types\mock-pool.d.ts","B1616B8959BF557FEB16369C6124A97A0E74ED6F49D1DF73BB4B9DDF68ACF3F3","1037","2026-10-06T01:54:01.1204525Z"
"node_modules\.undici-gap5mXgR\types\patch.d.ts","ADDF417B9EB3F938FDDF8D81E96393A165E4BE0D4A8B6402292F9C634B1CB00D","599","2026-10-06T01:54:01.1204525Z"
"node_modules\.undici-gap5mXgR\types\pool-stats.d.ts","914A0AE30D96D71915FC519CCB4EFBF2B62C0DDFB3A3FC6129151076BC01DC60","663","2026-10-06T01:54:01.1214522Z"
"node_modules\.undici-gap5mXgR\types\pool.d.ts","9C32412007B5662FD34A8EB04292FB5314EC370D7016D1C2FB8AA193C807FE22","1490","2026-10-06T01:54:01.1214522Z"
"node_modules\.undici-gap5mXgR\types\proxy-agent.d.ts","249B9CAB7F5D628B71308C7D9BB0A808B50B091E640BA3ED6E2D0516F4A8D91D","806","2026-10-06T01:54:01.1224421Z"
"node_modules\.undici-gap5mXgR\types\readable.d.ts","156A859E21EF3244D13AFEEBA4E49760A6AFA035C149DDA52F0C45EA8903B338","1910","2026-10-06T01:54:01.1234415Z"
"node_modules\.undici-gap5mXgR\types\README.md","C8CCED6EC588C55B07E35733258CB7D6B63E3426EE7490AA9267AAB4BDA0FB20","455","2026-10-06T01:54:01.0919896Z"
"node_modules\.undici-gap5mXgR\types\retry-agent.d.ts","499E5B055A5ABA1E1998F7311A6C441A369831C70905CC565CEAC93C28083D53","233","2026-10-06T01:54:01.1234415Z"
"node_modules\.undici-gap5mXgR\types\retry-handler.d.ts","F473CD2288991FF3221165DCF73CD5D24DA30391F87E85B3DD4D0450C787A391","3262","2026-10-06T01:54:01.1244426Z"
"node_modules\.undici-gap5mXgR\types\round-robin-pool.d.ts","6EBE8EBB8659AAA9D1ACBF3710D7DAE3E923E97610238B9511C25DC39023A166","1590","2026-10-06T01:54:01.1254430Z"
"node_modules\.undici-gap5mXgR\types\snapshot-agent.d.ts","5B03A034C72146B61573AAB280F295B015B9168470F2DF05F6080A2122F9B4DF","3048","2026-10-06T01:54:01.1254430Z"
"node_modules\.undici-gap5mXgR\types\socks5-proxy-agent.d.ts","D33CE35E3F9CFCC1D94ECA415BDD3BDE94D5B153FFDD33E6C4455C029986C630","870","2026-10-06T01:54:01.1254430Z"
"node_modules\.undici-gap5mXgR\types\util.d.ts","5D0375CA7310EFB77E3EF18D068D53784FAF62705E0AD04569597AE0E755C401","623","2026-10-06T01:54:01.1274683Z"
"node_modules\.undici-gap5mXgR\types\utility.d.ts","CDCF9EA426AD970F96AC930CD176D5C69C6C24EEBD9FC580E1572D6C6A88F62C","245","2026-10-06T01:54:01.1274683Z"
"node_modules\.undici-gap5mXgR\types\webidl.d.ts","091907B3F314415DC5827FD7E846E38D2C52B83B8F18F43E86B3C155917368A4","8930","2026-10-06T01:54:01.1290030Z"
"node_modules\.undici-gap5mXgR\types\websocket.d.ts","436D7B4543B340B0F3EEF4310D524242E41369B9652AA9C70428767C4DCAC455","4711","2026-10-06T01:54:01.1297206Z"
"node_modules\@electron\get\LICENSE","EDAB8ABB78D9C5B36944C3E00AEBF6A90EB32378993F49AC8A3904007029C629","1088","2026-10-06T02:24:34.3833432Z"
"node_modules\@electron\get\package.json","A462A5CBBC4E9614FCBD1ED4F8E2F65BEBB0EE3393828E782D2228646D0A071C","2639","2026-10-06T02:24:34.5319731Z"
"node_modules\@electron\get\README.md","AE635DD1FD986BE0D019A283C6F5E1DDACF6A138D74D9C2D3B2C85B6FCCC60F3","5405","2026-10-06T02:24:34.5546385Z"
"node_modules\@electron\get\dist\cjs\artifact-utils.d.ts","8190B16C3EDE5FB0A54994E82D8A851E10976CBDD343874655CB399A1CD3A24D","321","2026-10-06T02:24:34.5546385Z"
"node_modules\@electron\get\dist\cjs\artifact-utils.js","08E4D85F0B193EBCA6D50F1BBAD43404DAB96BD6CF0BFF419AD5F003E33B11AF","2827","2026-10-06T02:24:34.4112589Z"
"node_modules\@electron\get\dist\cjs\artifact-utils.js.map","45C0332EF858B91A9DDD4DF03F73612A367ACAE682A2788B3AC4323BAA8C3428","2440","2026-10-06T02:24:34.5335288Z"
"node_modules\@electron\get\dist\cjs\Cache.d.ts","25CE352A89D5FD85E3A78481DA44117221971378037BCB3FB5025B9C5504A4B5","386","2026-10-06T02:24:34.5561441Z"
"node_modules\@electron\get\dist\cjs\Cache.js","B65DCF5A2665D242B6A933AA3796ECAEB273CBFB354E961D2E76CA09AD019D91","2369","2026-10-06T02:24:34.4483786Z"
"node_modules\@electron\get\dist\cjs\Cache.js.map","4A478609AC4AC118A1109C31F43476049611172A2C2713CC922A002D8CB74E64","1578","2026-10-06T02:24:34.5365499Z"
"node_modules\@electron\get\dist\cjs\downloader-resolver.d.ts","AD0F587313F4C97058FA5A01ACA56FD99D5BDDD7BE366A15227B67861095BD3D","174","2026-10-06T02:24:34.5586613Z"
"node_modules\@electron\get\dist\cjs\downloader-resolver.js","A68E3FD3460418AA01795993BB86C51FD350BB32B359241A159A7E6287927E53","617","2026-10-06T02:24:34.4635970Z"
"node_modules\@electron\get\dist\cjs\downloader-resolver.js.map","604C61A2452A35B2C10EFD326E333ABA356B3E394509D7FD354DC52DB4BC3E06","315","2026-10-06T02:24:34.5393848Z"
"node_modules\@electron\get\dist\cjs\Downloader.d.ts","7B22C7AFA905F53D5AFA64BB6514F2622146E03413E99A62572AA995F75304A5","113","2026-10-06T02:24:34.5602160Z"
"node_modules\@electron\get\dist\cjs\Downloader.js","F0FD5DCAE5A108C91B3A4EDB030D7DB9FB8F13642A18B366648DE48C2B6A8FCA","115","2026-10-06T02:24:34.4755999Z"
"node_modules\@electron\get\dist\cjs\Downloader.js.map","527E4EA5996FCEF1B1BE9377F01E306DE9383E288E3F33608876E908F464E491","115","2026-10-06T02:24:34.5409013Z"
"node_modules\@electron\get\dist\cjs\GotDownloader.d.ts","20CEDCD9FC655C43485D399CA1375264E059EDAF139DE63237992CCEB9E32C59","860","2026-10-06T02:24:34.5617726Z"
"node_modules\@electron\get\dist\cjs\GotDownloader.js","D4078D92D17114C59EC6DFA295827128C8C740F0718795E920ACC61BB2ED0F61","3149","2026-10-06T02:24:34.4838323Z"
"node_modules\@electron\get\dist\cjs\GotDownloader.js.map","9255BD101DB0FC78D6F39C5E039C22B3B4A2832F525E0321A0ECF123C9E656CF","2119","2026-10-06T02:24:34.5444753Z"
"node_modules\@electron\get\dist\cjs\index.d.ts","6DEAB89150DC3B0F3F5F8FE19BA20EADFB2B0C27D43618B2C523A744AD29434D","804","2026-10-06T02:24:34.5627769Z"
"node_modules\@electron\get\dist\cjs\index.js","981D748427C0D783DDC67662EAE7F684950417AADA04459D237F2CD04348B642","6836","2026-10-06T02:24:34.5171629Z"
"node_modules\@electron\get\dist\cjs\index.js.map","DFA2B93E0859718E5DB9BD872D436927462DA1A3FE27EEA71603D903D285ABA3","4351","2026-10-06T02:24:34.5454744Z"
"node_modules\@electron\get\dist\cjs\proxy.d.ts","794C504B0841AF4F722E3D9A45F4453256ECEBADE2A36293FD1329E61D0DEF76","121","2026-10-06T02:24:34.5667892Z"
"node_modules\@electron\get\dist\cjs\proxy.js","C6E97974834AAD169947CB6A1CF8B1DFF3E2FC734A5959D30A531617E1B29F87","1057","2026-10-06T02:24:34.5205789Z"
"node_modules\@electron\get\dist\cjs\proxy.js.map","5B1521CB0B6CEB6E4A3C0673CA7730CD93B853A3581A2C2FB8776B96B1F95E4C","605","2026-10-06T02:24:34.5495890Z"
"node_modules\@electron\get\dist\cjs\types.d.ts","F5EFB2B7732FF9953D5F074E0D6675CC1559EA43C06A1914BB53EA81614E6368","4115","2026-10-06T02:24:34.5677890Z"
"node_modules\@electron\get\dist\cjs\types.js","B0D2BC4142D0C62D43F996AAEB64F22C4889AC853F8A3765758B505D972D0149","110","2026-10-06T02:24:34.5233631Z"
"node_modules\@electron\get\dist\cjs\types.js.map","17307F7387FBCF31645BDC6C61DD25C80EDEFB6FBACBB2909F503B879227B631","105","2026-10-06T02:24:34.5505863Z"
"node_modules\@electron\get\dist\cjs\utils.d.ts","5380EC464F5FE3C17A88E0F619D5D429AEEA606D64B4AAF1CA9AE8619A9D6A90","1287","2026-10-06T02:24:34.5697994Z"
"node_modules\@electron\get\dist\cjs\utils.js","F981CDCCC40483E5D5104DCCE0552588E14E7344FF0E2058B1E577759DB83BB7","3362","2026-10-06T02:24:34.5283934Z"
"node_modules\@electron\get\dist\cjs\utils.js.map","7E767FE8DE369CC63FBF00EB76B64C24012543FBB81EADDC3FD984512B039CD2","2465","2026-10-06T02:24:34.5531271Z"
"node_modules\@electron\get\dist\esm\artifact-utils.d.ts","8190B16C3EDE5FB0A54994E82D8A851E10976CBDD343874655CB399A1CD3A24D","321","2026-10-06T02:24:34.5561441Z"
"node_modules\@electron\get\dist\esm\artifact-utils.js","69645A822E9CA15C240C58167D2316B7EF18CBE70D8FE446D41005881757016F","2608","2026-10-06T02:24:34.4364245Z"
"node_modules\@electron\get\dist\esm\artifact-utils.js.map","D57806B8B69D7DB091841F9FB04784E3460F577854FB58C0D0D7943A2267798A","2461","2026-10-06T02:24:34.5355509Z"
"node_modules\@electron\get\dist\esm\Cache.d.ts","25CE352A89D5FD85E3A78481DA44117221971378037BCB3FB5025B9C5504A4B5","386","2026-10-06T02:24:34.5571505Z"
"node_modules\@electron\get\dist\esm\Cache.js","F8F8F15D54662BF621A3F6BD603767B68BC65EA0720E21FFF5ACBA74238F14BB","2240","2026-10-06T02:24:34.4580531Z"
"node_modules\@electron\get\dist\esm\Cache.js.map","A582A57DD1C2E10075CCB5955FC65AE94BA52BD56100FB24C8D63C907F669000","1695","2026-10-06T02:24:34.5380544Z"
"node_modules\@electron\get\dist\esm\downloader-resolver.d.ts","AD0F587313F4C97058FA5A01ACA56FD99D5BDDD7BE366A15227B67861095BD3D","174","2026-10-06T02:24:34.5602160Z"
"node_modules\@electron\get\dist\esm\downloader-resolver.js","F1C616C2571CD7339684C712B083054D19822E302142F502A7DB802E2D5E5548","459","2026-10-06T02:24:34.4676995Z"
"node_modules\@electron\get\dist\esm\downloader-resolver.js.map","7A728C4B5693065855A5DE8778A39E295B9AC102A43162877DE594474F203EB7","321","2026-10-06T02:24:34.5403938Z"
"node_modules\@electron\get\dist\esm\Downloader.d.ts","7B22C7AFA905F53D5AFA64BB6514F2622146E03413E99A62572AA995F75304A5","113","2026-10-06T02:24:34.5607192Z"
"node_modules\@electron\get\dist\esm\Downloader.js","4DD5D2D35AD53AD390D58B2B6A859D3DF7D06B295470BF844AAD2CE5C3A70D16","38","2026-10-06T02:24:34.4786143Z"
"node_modules\@electron\get\dist\esm\Downloader.js.map","527E4EA5996FCEF1B1BE9377F01E306DE9383E288E3F33608876E908F464E491","115","2026-10-06T02:24:34.5434168Z"
"node_modules\@electron\get\dist\esm\GotDownloader.d.ts","20CEDCD9FC655C43485D399CA1375264E059EDAF139DE63237992CCEB9E32C59","860","2026-10-06T02:24:34.5617726Z"
"node_modules\@electron\get\dist\esm\GotDownloader.js","362BDEE2A568D7C8413F1110868B03FF72F3AF5927A726884C4BD4E70C572A04","3032","2026-10-06T02:24:34.5141183Z"
"node_modules\@electron\get\dist\esm\GotDownloader.js.map","95B141C8D4FC891F0B7253221D878DDD49B36A6239ED8D81E3DFD653B2944748","2217","2026-10-06T02:24:34.5444753Z"
"node_modules\@electron\get\dist\esm\index.d.ts","6DEAB89150DC3B0F3F5F8FE19BA20EADFB2B0C27D43618B2C523A744AD29434D","804","2026-10-06T02:24:34.5637809Z"
"node_modules\@electron\get\dist\esm\index.js","85CEFEB58C983B1954E732CB8D1A34163D219CDEBFB292700AB293C426C7D2CF","6585","2026-10-06T02:24:34.5185776Z"
"node_modules\@electron\get\dist\esm\index.js.map","AC0FA1CB3037B1C1EA219622F7EB339C685D467289F487A87CF2A38BE5B231E9","4679","2026-10-06T02:24:34.5469815Z"
"node_modules\@electron\get\dist\esm\proxy.d.ts","794C504B0841AF4F722E3D9A45F4453256ECEBADE2A36293FD1329E61D0DEF76","121","2026-10-06T02:24:34.5667892Z"
"node_modules\@electron\get\dist\esm\proxy.js","12E7440252E118E4EC1BB7F318AD75DDD1DE1A4637EE6EF3A9E69895CB0F40DF","918","2026-10-06T02:24:34.5223563Z"
"node_modules\@electron\get\dist\esm\proxy.js.map","94DD3095374AF80A29B11A849625B98437CCFCEC2ADDAD45D23783B29A274E97","655","2026-10-06T02:24:34.5495890Z"
"node_modules\@electron\get\dist\esm\types.d.ts","F5EFB2B7732FF9953D5F074E0D6675CC1559EA43C06A1914BB53EA81614E6368","4115","2026-10-06T02:24:34.5687906Z"
"node_modules\@electron\get\dist\esm\types.js","F44AA358FE8DAC67C4D5394AF5E1F83DD1EDEE79405F2F53F1575BF3B90BC56A","33","2026-10-06T02:24:34.5258786Z"
"node_modules\@electron\get\dist\esm\types.js.map","17307F7387FBCF31645BDC6C61DD25C80EDEFB6FBACBB2909F503B879227B631","105","2026-10-06T02:24:34.5516137Z"
"node_modules\@electron\get\dist\esm\utils.d.ts","5380EC464F5FE3C17A88E0F619D5D429AEEA606D64B4AAF1CA9AE8619A9D6A90","1287","2026-10-06T02:24:34.5703070Z"
"node_modules\@electron\get\dist\esm\utils.js","D4B20E10842319C44E3603BB4DC2B397C90093F87EA968B3D75D76C06B4C12B4","2949","2026-10-06T02:24:34.5304448Z"
"node_modules\@electron\get\dist\esm\utils.js.map","8731C74B12066527AC32613C893DA07F8DFC128C358F3EE4ABC235AE563B0327","2497","2026-10-06T02:24:34.5536314Z"
"node_modules\@electron-internal\.extract-zip-Uh8y2hnp\binding.d.ts","231AD9DB3A134B0FD111FA8CF3C29C41F03D5C5798BFB74A67621A73B433F7BE","248","2026-10-06T01:54:01.0271158Z"
"node_modules\@electron-internal\.extract-zip-Uh8y2hnp\binding.js","22EB9B4CD7E3E7383617729A94FE5AC5EBCBD6AD3390956DF34895D15FA1201E","33902","2026-10-06T01:54:00.8215241Z"
"node_modules\@electron-internal\.extract-zip-Uh8y2hnp\index.d.ts","AC6647AEDED54D2F2877930B48B445025BA0B3EC73634370FB75BD98D9C2AA40","222","2026-10-06T01:54:01.0286258Z"
"node_modules\@electron-internal\.extract-zip-Uh8y2hnp\index.darwin-universal.node","7944E8514331634D38BB1E88C41524DEEA21781F0FABCB4BE1199DDE5BB7E5CE","1374112","2026-10-06T01:54:00.9156181Z"
"node_modules\@electron-internal\.extract-zip-Uh8y2hnp\index.js","29BFC5E60C392A2C8132F3EF7F1A98D1D0BF96E1FF41B683EBE4BDB4D0DC6991","633","2026-10-06T01:54:00.8240297Z"
"node_modules\@electron-internal\.extract-zip-Uh8y2hnp\index.linux-arm-gnueabihf.node","9C7C5A1CAD5523D2C13B5AB2374A4193D6B934E6F5B549359F703E3EB30E4C09","691300","2026-10-06T01:54:00.9323869Z"
"node_modules\@electron-internal\.extract-zip-Uh8y2hnp\index.linux-arm64-gnu.node","ABA0B1B1209CE35EBEF75D4DCFB5BF1B546BE9BDB5EA420148BF222C30FCBB5D","668408","2026-10-06T01:54:00.9488097Z"
"node_modules\@electron-internal\.extract-zip-Uh8y2hnp\index.linux-arm64-musl.node","32A6B674F23FC083E986AF9296A2C0A2A167D038E6BED8EA396B230A122E209A","725720","2026-10-06T01:54:00.9660983Z"
"node_modules\@electron-internal\.extract-zip-Uh8y2hnp\index.linux-ia32-gnu.node","5DD18BCBF67DDA4F5264B72BF874DF1C35960F6E666A56A6FDF7CF588A137763","784884","2026-10-06T01:54:00.9850177Z"
"node_modules\@electron-internal\.extract-zip-Uh8y2hnp\index.linux-x64-gnu.node","C2137FF4B726767E33EA7A7A1D3073CD08635A6B3B4B5056FC67D528B84C83AE","762832","2026-10-06T01:54:00.9960697Z"
"node_modules\@electron-internal\.extract-zip-Uh8y2hnp\index.linux-x64-musl.node","8AA7C7A4596AFA294B638302A109F38089141E4CD190C739FC476E378D950543","762656","2026-10-06T01:54:01.0067516Z"
"node_modules\@electron-internal\.extract-zip-Uh8y2hnp\index.win32-arm64-msvc.node","C9E82EC3CF53A6D547195B998C71CC33187B0158E813962506D16BD5227126E7","640512","2026-10-06T01:54:01.0158149Z"
"node_modules\@electron-internal\.extract-zip-Uh8y2hnp\index.win32-x64-msvc.node","17746910BCD13F7F268822F6FC837706F8B5BE0704BBF49570112117982E7B07","870400","2026-10-06T01:54:01.0256096Z"
"node_modules\@electron-internal\.extract-zip-Uh8y2hnp\package.json","438071218E7ACBA31A460D5C8EBB9A7DC4A8CE5C0CB05F9C706F5B4E1323884C","2095","2026-10-06T01:54:00.8252560Z"
"node_modules\@electron-internal\.extract-zip-Uh8y2hnp\README.md","61090965F7EDB896C4492E9A090BEC14E8E6ABE2322480E4D2ACDE2A478C7500","3605","2026-10-06T01:54:00.8307834Z"
"node_modules\@sindresorhus\is\license","5C932D88256B4AB958F64A856FA48E8BD1F55BC1D96B8149C65689E0C61789D3","1117","2026-10-06T02:24:34.3828393Z"
"node_modules\@sindresorhus\is\package.json","9D49213F839AE4223AD20176F48F8D13B618F50FD6637D5591BA26B58D1C7B23","1826","2026-10-06T02:24:34.4404443Z"
"node_modules\@sindresorhus\is\readme.md","65D18DEF65086D23FD0E03057CB42D7D025A25708563254342437C5427125AD2","17370","2026-10-06T02:24:34.4545319Z"
"node_modules\@sindresorhus\is\dist\index.d.ts","A20C165340B53AF7CADA03B4D00354477D082A6D830BCFFB47E654F166D56F25","14604","2026-10-06T02:24:34.4620835Z"
"node_modules\@sindresorhus\is\dist\index.js","1FB3F63C25756BA867857ED9F4B2ED515BCFC3AD4AC0EDA8AAF1EBA4798A93F6","21169","2026-10-06T02:24:34.4112589Z"
"node_modules\@sindresorhus\is\dist\types.d.ts","90F53214EAB4BBE161D21289080C23A73BC5365CE1CBDC67649DEFB0BEE5BC7F","1177","2026-10-06T02:24:34.4666918Z"
"node_modules\@sindresorhus\is\dist\types.js","E75C9CF08756BE210C600A65162D6F37A404B936AB98830EF11E3B62D3842924","194","2026-10-06T02:24:34.4278327Z"
"node_modules\@szmarczak\http-timer\LICENSE","0194571D45A06EA2A22CEB51F981E3BE92525966D28847DBC0D9982603BF90DE","1071","2026-10-06T02:24:34.3833432Z"
"node_modules\@szmarczak\http-timer\package.json","F5C72D903711B96D86FD5FD164F397EFF5603BA52B38C597573F365CB9415203","1385","2026-10-06T02:24:34.4268251Z"
"node_modules\@szmarczak\http-timer\README.md","6010FA17F48209241A5DC05D24208A761152876111402FB7560595EE82FDB324","2959","2026-10-06T02:24:34.4404443Z"
"node_modules\@szmarczak\http-timer\dist\source\index.d.ts","7AB735672492614A1AF2098219BD191642E2BBD126E0631E13ED15E947238A51","820","2026-10-06T02:24:34.4508893Z"
"node_modules\@szmarczak\http-timer\dist\source\index.js","5696E5707CC5BE51BBDF9A9D5A8D9B39E925F7588D9EC53E8E67E31ACF06F7E3","4589","2026-10-06T02:24:34.4112589Z"
"node_modules\@types\cacheable-request\index.d.ts","F992CD6CC0BCBAA4E6C810468C90F2D8595F8C6C3CF050C806397D3DE8585562","6139","2026-10-06T02:24:34.4187610Z"
"node_modules\@types\cacheable-request\LICENSE","C2CFCCB812FE482101A8F04597DFC5A9991A6B2748266C47AC91B6A5AAE15383","1141","2026-10-06T02:24:34.3833432Z"
"node_modules\@types\cacheable-request\package.json","EE552F4CED2C2F9FA177DCE8A791611A3361856ED2175455BEAD02FD3F86DDAF","1144","2026-10-06T02:24:34.4334126Z"
"node_modules\@types\cacheable-request\README.md","1F3BE937BBEBE9D931A332E1E19CEFE582DE323CF721D6C2BFE2FB805E188D60","857","2026-10-06T02:24:34.4042947Z"
"node_modules\@types\http-cache-semantics\index.d.ts","4F6AE308C5F2901F2988C817E1511520619E9025B9B12CC7CCE2AB2E6FFED78A","9599","2026-10-06T02:24:34.4187610Z"
"node_modules\@types\http-cache-semantics\LICENSE","C2CFCCB812FE482101A8F04597DFC5A9991A6B2748266C47AC91B6A5AAE15383","1141","2026-10-06T02:24:34.3828393Z"
"node_modules\@types\http-cache-semantics\package.json","5C63ED5462E2FB00AA749274302F720B6C2E31EF53FB431A88F7FF948D01345A","877","2026-10-06T02:24:34.4329047Z"
"node_modules\@types\http-cache-semantics\README.md","FA971ECB14A265BE3CC9EB84FB6E52F1E8BFB4508DA7B855337B2812693C0A59","532","2026-10-06T02:24:34.4037648Z"
"node_modules\@types\keyv\index.d.ts","FEC943FDB3275EB6E006B35E04A8E2E99E9ADF3F4B969DDF15315AC7575A93E4","3447","2026-10-06T02:24:34.4187610Z"
"node_modules\@types\keyv\LICENSE","C2CFCCB812FE482101A8F04597DFC5A9991A6B2748266C47AC91B6A5AAE15383","1141","2026-10-06T02:24:34.3833432Z"
"node_modules\@types\keyv\package.json","13BB0FEF4CC2DE556A0E5B0366F55802871D67ACF67846B35A4AFE77EFB8B377","957","2026-10-06T02:24:34.4329047Z"
"node_modules\@types\keyv\README.md","6EF9913083696E61AA07522D339E59C58D3B8A81F3EAEAF3B85CE4CB38FCD0A4","578","2026-10-06T02:24:34.4042947Z"
"node_modules\@types\node\assert.d.ts","4EA15FD99B2E34CB25FE8346C955000BB70C8B423AE4377A972EF46BFB37F595","46664","2026-10-06T01:54:00.8277758Z"
"node_modules\@types\node\async_hooks.d.ts","31A2721BFDB4EAF3AF1168396BDC307D14892074AA64801AC975AA9809A1727F","25674","2026-10-06T01:54:00.8342967Z"
"node_modules\@types\node\buffer.buffer.d.ts","EB9DE9C4763C447E2FDA608854AD494C4A99E10DFF9862E2AC437EDBD477ACAB","23191","2026-10-06T01:54:00.8403350Z"
"node_modules\@types\node\buffer.d.ts","01B30C21189D840C5133BD8D250D70C9E8F389884B00E66B093579B49A7CFD4C","88587","2026-10-06T01:54:00.8545752Z"
"node_modules\@types\node\child_process.d.ts","45660CA397A0254C7ED61255FE8174AC0951452E4565207D41313B6FBF5B8431","67070","2026-10-06T01:54:00.8661945Z"
"node_modules\@types\node\cluster.d.ts","51AECD2DF90A3CFFEA1EB4696B33B2D78594EA2AA2138E6B9471EC4841C6C2EE","27926","2026-10-06T01:54:00.8728958Z"
"node_modules\@types\node\console.d.ts","9D8F9E63E29A3396285620908E7F14D874D066CAEA747DC4B2C378F0599166B4","21366","2026-10-06T01:54:00.8753587Z"
"node_modules\@types\node\constants.d.ts","5524481E56C48FF486F42926778C0A3CCE1CC85DC46683B92B1271865BCF015A","816","2026-10-06T01:54:00.8768646Z"
"node_modules\@types\node\crypto.d.ts","3B909F9FA68B102E393D86D11F605EA14FE736D69374BD88A1C1E6FB6898F5D6","228009","2026-10-06T01:54:00.8923994Z"
"node_modules\@types\node\dgram.d.ts","53880A6A8E7CA1536D25EED26F1A74BB893711D7395DB74D5A329F8E074A576F","34298","2026-10-06T01:54:00.8970015Z"
"node_modules\@types\node\diagnostics_channel.d.ts","9F39E70A354D0FBA29AC3CDF6ECA00B7F9E96F64B2B2780C432E8EA27F133743","25048","2026-10-06T01:54:00.9035303Z"
"node_modules\@types\node\dns.d.ts","CB7AC5F8E38B425E4CC4619BDB9895CEB94B364BE8B462F8CF220C2E0963BD75","37043","2026-10-06T01:54:00.9080475Z"
"node_modules\@types\node\domain.d.ts","1CBDCDEF62BF42688E5D825898C3A59458466C48AD8A4EF3F88D8A1CD04310D6","7507","2026-10-06T01:54:00.9105646Z"
"node_modules\@types\node\events.d.ts","1049C567C0A6244B69738CDD83EDCE170B8D5CA941817CF185F7F55C28B3FEB0","44099","2026-10-06T01:54:00.9140704Z"
"node_modules\@types\node\fs.d.ts","E6A2A1EECDB48E9A9EB36D115E212664F20710530E5EC32BBEA84BF36979D2C7","203522","2026-10-06T01:54:00.9223080Z"
"node_modules\@types\node\globals.d.ts","1B2DD1CBEB0CC6AE20795958BA5950395EBB2849B7C8326853DD15530C77AB0C","5907","2026-10-06T01:54:00.9238124Z"
"node_modules\@types\node\globals.typedarray.d.ts","378281AA35786C27D5811AF7E6BCAA492EEBD0C7013D48137C35BBC69A2B9751","2029","2026-10-06T01:54:00.9253286Z"
"node_modules\@types\node\http.d.ts","06C12E208576282DFD4AA04CC47AE3447008FDF79A360A9B0F3A6FB940960CD1","101368","2026-10-06T01:54:00.9333879Z"
"node_modules\@types\node\http2.d.ts","F952E6977043709C36EA7D9F626219F7BCB066B0DA6277257EEA0D2EC76123CE","135826","2026-10-06T01:54:00.9387016Z"
"node_modules\@types\node\https.d.ts","0C50296EE73DAE94EFC3F0DA4936B1146CA6CE2217ACFABB44C19C9A33FA30E5","26256","2026-10-06T01:54:00.9442470Z"
"node_modules\@types\node\index.d.ts","D7E9AB1B0996639047C61C1E62F85C620E4382206B3ABB430D9A21FB7BC23C77","4377","2026-10-06T01:54:00.9472613Z"
"node_modules\@types\node\inspector.d.ts","6A4B62DA0425AE60EEFE00841578BE0244A8888A62593A843369C9C311F15EEE","14349","2026-10-06T01:54:00.9488097Z"
"node_modules\@types\node\inspector.generated.d.ts","4DBD12E59B970F64303E68820F395A169E512E48EECD360305591BE83592B80D","228347","2026-10-06T01:54:00.9588591Z"
"node_modules\@types\node\LICENSE","C2CFCCB812FE482101A8F04597DFC5A9991A6B2748266C47AC91B6A5AAE15383","1141","2026-10-06T01:54:00.8147759Z"
"node_modules\@types\node\module.d.ts","2D25328278AB945E6AD1E73D831A9E79BA274CB994EBC0470F29C08D2550BCD2","38366","2026-10-06T01:54:00.9631015Z"
"node_modules\@types\node\net.d.ts","CD541A9B163154DF9713F5669C157E330F6957F44915A097C4D99E9F4DF616DD","54326","2026-10-06T01:54:00.9660983Z"
"node_modules\@types\node\os.d.ts","3E294A1B71EA288A0796D374118150455E8019DBFFCF8B4124FAAF9721D29A8C","19518","2026-10-06T01:54:00.9692029Z"
"node_modules\@types\node\package.json","6E6BEDD46E6541DCE6FEDBF7570C499A97476E1517123F0BDAE4621DAB023978","4068","2026-10-06T01:54:00.9737384Z"
"node_modules\@types\node\path.d.ts","04BF1AA481D1ADFB16D93D76E44CE71C51C8EF68039D849926551199489637F6","8333","2026-10-06T01:54:00.9767357Z"
"node_modules\@types\node\perf_hooks.d.ts","0343687443E7684643E8349CB178F2F9BBDEED2AB53445B0F2870CCDA91D274D","42321","2026-10-06T01:54:00.9797251Z"
"node_modules\@types\node\process.d.ts","614D31F77751E038F30E01641443DF8591E12B337C675A44F70675FD5DBF5AE9","108587","2026-10-06T01:54:00.9840193Z"
"node_modules\@types\node\punycode.d.ts","A58A15DA4C5BA3DF60C910A043281256FA52D36A0FCDEF9B9100C646282E88DD","5479","2026-10-06T01:54:00.9860170Z"
"node_modules\@types\node\querystring.d.ts","B36BEFFBF8ACDC3EBC58C8BB4B75574B31A2169869C70FC03F82895B93950A12","7125","2026-10-06T01:54:00.9890626Z"
"node_modules\@types\node\readline.d.ts","42A350CE4F6F291198DC89833AFCC4FD078248B4E1FDC9D05C846C66A670F710","26312","2026-10-06T01:54:00.9910673Z"
"node_modules\@types\node\README.md","3DA89A47EB38645A6954EBA9493982A153C7546E8B2279F0870C9232C5E3ECD4","1445","2026-10-06T01:54:00.8225251Z"
"node_modules\@types\node\repl.d.ts","8C81FD4A110490C43D7C578E8C6F69B3AF01717189196899A6A44F93DAA57A3A","19901","2026-10-06T01:54:00.9930690Z"
"node_modules\@types\node\sea.d.ts","5FB39858B2459864B139950A09ADAE4F38DAD87C25BF572CE414F10E4BD7BAAB","6638","2026-10-06T01:54:00.9940684Z"
"node_modules\@types\node\sqlite.d.ts","9BA17A5BDBEB17C5584000B1AE4B3552116F2151F6C04830C070EF36BF4CECEC","57107","2026-10-06T01:54:00.9970722Z"
"node_modules\@types\node\stream.d.ts","D30FBDA663D9683468F519DE4062E4A59A1A318B8B1C9E5A8E30073D6BFF4B1D","87739","2026-10-06T01:54:01.0017024Z"
"node_modules\@types\node\string_decoder.d.ts","C119835EDF36415081DFD9ED15FC0CD37AAA28D232BE029AD073F15F3D88C323","2809","2026-10-06T01:54:01.0027416Z"
"node_modules\@types\node\test.d.ts","F75D37A23477E13019DEB34401BAC250666DE0BCA64DE6B41698D90BFB3B3DB0","127254","2026-10-06T01:54:01.0077614Z"
"node_modules\@types\node\timers.d.ts","9705CD157FFBB91C5CAB48BDD2DE5A437A372E63F870F8A8472E72FF634D47C1","14570","2026-10-06T01:54:01.0097741Z"
"node_modules\@types\node\tls.d.ts","10EB385D3120C6C5981249AF7EC214A6756B0F40E8BB3D184BE3D0457B67B2D9","63308","2026-10-06T01:54:01.0128155Z"
"node_modules\@types\node\trace_events.d.ts","E03460FE72B259F6D25AD029F085E4BEDC3F90477DA4401D8FBC1EFA9793230E","8926","2026-10-06T01:54:01.0148171Z"
"node_modules\@types\node\tty.d.ts","3C59C992B671E83A35DEC52E894B5BFCF2DCB0104E24B3082B8C793EC3997532","10171","2026-10-06T01:54:01.0158149Z"
"node_modules\@types\node\url.d.ts","85FB581C048B948A48842E6584D61512939566E0C7A4D6439F54902CE6C79BEE","48036","2026-10-06T01:54:01.0179944Z"
"node_modules\@types\node\util.d.ts","37B296304F3970F50E4879C685234BA6EAF4649C4F5135C3E236B201E9F02BB1","93290","2026-10-06T01:54:01.0215276Z"
"node_modules\@types\node\v8.d.ts","09C273BA5BDA2A12318FBFC37433A3F45B6137A65DEA55E009D1C3F7608B9965","42262","2026-10-06T01:54:01.0245332Z"
"node_modules\@types\node\vm.d.ts","BCAF6A7CDA69D3744D039C864A8FA59502514A9F8D2D2B8D0107001CEB9B406F","54184","2026-10-06T01:54:01.0256096Z"
"node_modules\@types\node\wasi.d.ts","0D5B085F36E6DC55BC6332ECB9C733BE3A534958C238FB8D8D18D4A2B6F2A15A","9120","2026-10-06T01:54:01.0291356Z"
"node_modules\@types\node\worker_threads.d.ts","0B0DFB2D3E8420EAD06F6A11ACFB02DDCEC42257E6CE391993E895BA0AF86DE4","41905","2026-10-06T01:54:01.0312657Z"
"node_modules\@types\node\zlib.d.ts","F3B927F3F6054EBEE0C7497A72C574081D21CCA71D29D7996CA9AECF9F6AD80D","28905","2026-10-06T01:54:01.0328002Z"
"node_modules\@types\node\assert\strict.d.ts","7CF69DD5502C41644C9E5106210B5DA7144800670CBE861F66726FA209E231C4","3003","2026-10-06T01:54:01.0338100Z"
"node_modules\@types\node\compatibility\iterators.d.ts","D153A11543FD884B596587CCD97AEBBEED950B26933EE000F94009F1AB142848","1303","2026-10-06T01:54:01.0353151Z"
"node_modules\@types\node\dns\promises.d.ts","B5CC0993D6853C829184F119E49176BB43061CD0DBCB2192D296F7221B4D7B11","21112","2026-10-06T01:54:01.0368246Z"
"node_modules\@types\node\fs\promises.d.ts","1E7E5EAEB0526D12E8BC859E537C65779E673D4BEB94615DA7F062A8BCE2FD96","58429","2026-10-06T01:54:01.0378330Z"
"node_modules\@types\node\readline\promises.d.ts","77FBE5EECB6FAC4B6242BBF6EEBFC43E98CE5CCBA8FA44E0EF6A95C945FF4D98","6439","2026-10-06T01:54:01.0398420Z"
"node_modules\@types\node\stream\consumers.d.ts","3F87014045740D3DF7752B1DD6A6D8C245FB646104471DDA177E7CE41B6CB296","1891","2026-10-06T01:54:01.0408469Z"
"node_modules\@types\node\stream\promises.d.ts","37BA7B45141A45CE6E80E66F2A96C8A5AB1BCEF0FC2D0F56BB58DF96EC67E972","2971","2026-10-06T01:54:01.0418469Z"
"node_modules\@types\node\stream\web.d.ts","6E11FD90418AAE21A4B5F9F8FB79B7D920143486B2A5911C9EED377AB71FE5C1","28520","2026-10-06T01:54:01.0423509Z"
"node_modules\@types\node\timers\promises.d.ts","AE86F30D5D10E4F75CE8DCB6E1BD3A12ECEC3D071A21E8F462C5C85C678EFB41","3780","2026-10-06T01:54:01.0438702Z"
"node_modules\@types\node\ts5.6\buffer.buffer.d.ts","1E44BF48F21803A965CFA8917C3752C720D883A5B01CE2FA77497D270152A8E1","22314","2026-10-06T01:54:01.0448752Z"
"node_modules\@types\node\ts5.6\globals.typedarray.d.ts","6F2442C0CA5E7FCB9D51EBBD7D43079844BCBFD947BB679B9419900745F871D5","1238","2026-10-06T01:54:01.0458763Z"
"node_modules\@types\node\ts5.6\index.d.ts","CC6A8F0089E3C787E829BD1BBFB563AADC9F60BF569326ABEA8220F390EC5E0B","4666","2026-10-06T01:54:01.0468773Z"
"node_modules\@types\node\ts5.6\compatibility\float16array.d.ts","394FDA71D5D6BD00A372437DFF510FEAB37B92F345861E592F956D6995E9C1CE","3811","2026-10-06T01:54:01.0581257Z"
"node_modules\@types\node\ts5.7\index.d.ts","63228283EDA38338F98E629D8033BFFE727D2247BA2F3A1CBD1273A6827A1EC4","4653","2026-10-06T01:54:01.0490989Z"
"node_modules\@types\node\ts5.7\compatibility\float16array.d.ts","CEBFEEDF63623D54F7423D58CAE1EC204C0D8D97A66D5FB17579E26A902085E1","3872","2026-10-06T01:54:01.0595866Z"
"node_modules\@types\node\web-globals\abortcontroller.d.ts","1DB0B7DCA579049CA4193D034D835F6BFE73096C73663E5EF9A0B5779939F3D0","1145","2026-10-06T01:54:01.0509089Z"
"node_modules\@types\node\web-globals\crypto.d.ts","387A023D363F755EB63450A66C28B14CDD7BC30A104565E2DBF0A8988BB4A56C","1037","2026-10-06T01:54:01.0509089Z"
"node_modules\@types\node\web-globals\domexception.d.ts","9798340FFB0D067D69B1AE5B32FAA17AB31B82466A3FC00D8F2F2DF0C8554AAA","2565","2026-10-06T01:54:01.0524211Z"
"node_modules\@types\node\web-globals\events.d.ts","F26B11D8D8E4B8028F1C7D618B22274C892E4B0EF5B3678A8CCBAD85419AEF43","2871","2026-10-06T01:54:01.0529443Z"
"node_modules\@types\node\web-globals\fetch.d.ts","F724236417941EA77EC8D38C6B7021F5FB7F8521C7F8C1538E87661F2C6A0774","3112","2026-10-06T01:54:01.0539482Z"
"node_modules\@types\node\web-globals\navigator.d.ts","1CF059EAF468EFCC649F8CF6075D3CB98E9A35A0FE9C44419EC3D2F5428D7123","891","2026-10-06T01:54:01.0549541Z"
"node_modules\@types\node\web-globals\storage.d.ts","E7721C4F69F93C91360C26A0A84EE885997D748237EF78EF665B153E622B36C1","724","2026-10-06T01:54:01.0549541Z"
"node_modules\@types\node\web-globals\streams.d.ts","D97FB21DA858FB18B8AE72C314E9743FD52F73EBE2764E12AF1DB32FC03F853F","774","2026-10-06T01:54:01.0570056Z"
"node_modules\@types\responselike\index.d.ts","8718FA41D7CF4AA91DE4E8F164C90F88E0BF343AA92A1B9B725A9C675C64E16B","969","2026-10-06T02:24:34.4187610Z"
"node_modules\@types\responselike\LICENSE","C2CFCCB812FE482101A8F04597DFC5A9991A6B2748266C47AC91B6A5AAE15383","1141","2026-10-06T02:24:34.3828393Z"
"node_modules\@types\responselike\package.json","F2622CBC1B723E8DEAFED201D42D8C469CB1A485A99ED4D87AABBBA0780FB461","849","2026-10-06T02:24:34.4329047Z"
"node_modules\@types\responselike\README.md","40B45E7B16F98DDA8747F10DF4F853A8E63FEB7D1BCD47A81AE6380797E9CF7D","1645","2026-10-06T02:24:34.4042947Z"
"node_modules\@types\yauzl\index.d.ts","74D5A87C3616CD5D8691059D531504403AA857E09CBAECB1C64DFB9ACE0DB185","3637","2026-10-06T02:24:34.4182161Z"
"node_modules\@types\yauzl\LICENSE","C2CFCCB812FE482101A8F04597DFC5A9991A6B2748266C47AC91B6A5AAE15383","1141","2026-10-06T02:24:34.3828393Z"
"node_modules\@types\yauzl\package.json","92089D33E457E7C540614966BFD54BD002A23B0830DC4ACEA261961C1F8C66A7","815","2026-10-06T02:24:34.4323982Z"
"node_modules\@types\yauzl\README.md","BBA4BC5500309C02CBFF6E9B275963AD6FAE3F9343114DBA2AD4F5C290288930","513","2026-10-06T02:24:34.4037648Z"
"node_modules\boolean\.eslintrc.json","17A0B92935964A84CBA137A0939433675620B0218B0356C34EFA42C8BC5C98C6","27","2026-10-06T02:24:34.4414503Z"
"node_modules\boolean\.npmpackagejsonlintrc.json","53D110E26D0A5283C6564A74E7880B2884C8DF6344359B833239652812B1B0F3","60","2026-10-06T02:24:34.4534047Z"
"node_modules\boolean\.releaserc.json","5648C356A077C9841ACF086E74C34D164A9B7BD9EAA6E4C38A1C56B3EADC3220","50","2026-10-06T02:24:34.4590547Z"
"node_modules\boolean\CHANGELOG.md","896A6F2263584C921D3DBF6AF20289DD8E519CF06C7B43131BF7BF5803541A16","3346","2026-10-06T02:24:34.4796168Z"
"node_modules\boolean\LICENSE.txt","8E4AA1AEF825C37D6F74D4B867DCCB7B059B66C75ECDEDC74834E2F403568A27","1086","2026-10-06T02:24:34.5258786Z"
"node_modules\boolean\licenseCheck.json","CFBDF6CD67002670DCB5CD648D0BF8F558420F173A107791121B4A2E6F693243","228","2026-10-06T02:24:34.4646077Z"
"node_modules\boolean\package.json","F26AA6DE8C4A97AE841E579868CF9541B2D49EA043882C8020DB9BB69550EC85","982","2026-10-06T02:24:34.4686969Z"
"node_modules\boolean\README.md","15AAE6695A8B94C2F1AF883672852017A69B3EFA54018C26F82C813F1BF16C20","3450","2026-10-06T02:24:34.5128057Z"
"node_modules\boolean\tsconfig.json","A5FEC99591E85493BB5EED955C3795E0E98C56B462F75253360C1FB6D2E9C65D","323","2026-10-06T02:24:34.4766078Z"
"node_modules\boolean\build\lib\boolean.d.ts","EC1F962827C9169E897B132AE071EE04CB9606E05E34A29CCE759411E3BAFE9C","68","2026-10-06T02:24:34.5156270Z"
"node_modules\boolean\build\lib\boolean.js","C3F4BEFDC4C9E3147F333BC2A7895050EB6B49E5FE65A4481DF7498C99224399","539","2026-10-06T02:24:34.3971012Z"
"node_modules\boolean\build\lib\index.d.ts","6D73E87763A668C7CF24953E20AFDAA05830226A327B6C74D3B0CA15ED5FFF50","121","2026-10-06T02:24:34.5195776Z"
"node_modules\boolean\build\lib\index.js","EDF1EFC2D19C3026EEAC1C13AA2B6E3EE90738DD0185255B19D86E9B9EC99BFF","463","2026-10-06T02:24:34.4137703Z"
"node_modules\boolean\build\lib\isBooleanable.d.ts","B462FFFD839F8B2E4F35AE5D8AE83669FA1895EF02488CD0459C8AE5BC332AEE","80","2026-10-06T02:24:34.5223563Z"
"node_modules\boolean\build\lib\isBooleanable.js","16FEDE079F3584518CDA59DE2295F2F6D8E2BDB2EB8A87A60AD6138FA86971C5","646","2026-10-06T02:24:34.4288344Z"
"node_modules\boolean\lib\boolean.ts","8B9107ADA3121FECFE748CF1555F070BDD1DD8F7761AC86FD2BBA4E96A064E82","405","2026-10-06T02:24:34.5175719Z"
"node_modules\boolean\lib\index.ts","66E39DC3BEE9F76C6F5D858FA31EE3E39E4FF57584B2593273DC2166546E23C3","122","2026-10-06T02:24:34.5205789Z"
"node_modules\boolean\lib\isBooleanable.ts","E6AAECC18B6D991BF1191699C9B4CC7D68E5D3CB30A195C97662615824573EEC","478","2026-10-06T02:24:34.5233631Z"
"node_modules\buffer-crc32\index.js","F673AD9729984769996849030DEF1CB0B8DA721D492A3B9BEEDFE36DBC6BE117","4517","2026-10-06T02:24:34.4354226Z"
"node_modules\buffer-crc32\LICENSE","14895B82E3367B66BDB127FE91505F8615491F2A23EB1C0B7D8F7C54BE67F57A","1085","2026-10-06T02:24:34.4212888Z"
"node_modules\buffer-crc32\package.json","F94D0F0C1BE8F8714670C5FEE03899BDB6485D430236D81726E24012A3696E6E","892","2026-10-06T02:24:34.3905060Z"
"node_modules\buffer-crc32\README.md","B71F8F946D6234300D75E0CE79132410CE99A7A23B429807E91671E0E50E8812","1458","2026-10-06T02:24:34.4106888Z"
"node_modules\cacheable-lookup\index.d.ts","C77E2A25B0B7E23AD5B5087E16DB5AEEC6741DCC8E99B8AAE1A6B58659083B6D","4906","2026-10-06T02:24:34.4539135Z"
"node_modules\cacheable-lookup\LICENSE","B35DE79EFC88B23C73DD431DF6075BED0890DB0DB1544EE3D57B046AA7A8E72B","1071","2026-10-06T02:24:34.3905060Z"
"node_modules\cacheable-lookup\package.json","F5EF0534192B6382778435AE9A2238BC2AFE8684A93D30F97D9C56D6DA18EC6B","1020","2026-10-06T02:24:34.4258167Z"
"node_modules\cacheable-lookup\README.md","A8631465A50367DB9C0A3D58DE307488688A7DB7C1B23A30E3E011F5324323AE","7672","2026-10-06T02:24:34.4414503Z"
"node_modules\cacheable-lookup\source\index.js","0CFD45855652429DBFB2712F08FDE8995172EDBA0DFDF766416947E113CDEBA9","9250","2026-10-06T02:24:34.4112589Z"
"node_modules\cacheable-request\LICENSE","861908EC818FF6142FDD6C4B66D6264C206D3D5A46003B1342E1853A9A85ABAC","1068","2026-10-06T02:24:34.3905060Z"
"node_modules\cacheable-request\package.json","04AF7E62979B2A3D5B512C3704732A92BAE610B43CC34A377C07D416D68D5447","1160","2026-10-06T02:24:34.4258167Z"
"node_modules\cacheable-request\README.md","ADBB7FEFDC4DAEB17C6637A116722289FDB6DE5D666C327B46DF5008CD32D229","7586","2026-10-06T02:24:34.4414503Z"
"node_modules\cacheable-request\src\index.js","3CE05AC3531F61529210BF6390F18D5E709EC110E37DEE22AF7E72B4065CA627","6936","2026-10-06T02:24:34.4112589Z"
"node_modules\clone-response\LICENSE","861908EC818FF6142FDD6C4B66D6264C206D3D5A46003B1342E1853A9A85ABAC","1068","2026-10-06T02:24:34.3905060Z"
"node_modules\clone-response\package.json","E5FF476B69EACBA46DC93599B5CB5FE7E383D5F60E4A2B44CCC25D45B22A123F","970","2026-10-06T02:24:34.4258167Z"
"node_modules\clone-response\README.md","5FF9FD51146E59915150C319FD8AA6487B2DF6BA855E190A5E2EC5BA96B5D728","2087","2026-10-06T02:24:34.4369288Z"
"node_modules\clone-response\src\index.js","4E6086DCABE41CA7A48DE3C053E0D97EB7F67B92BEE566534417B64BBC756499","401","2026-10-06T02:24:34.4112589Z"
"node_modules\debug\LICENSE","3A61C6C96CAF5C1D9B623FB9B04C822B783DFCB78AA7E49C76A3F643E6ED7F95","1139","2026-10-06T01:54:00.7770675Z"
"node_modules\debug\package.json","EA8E33D63FE5F3A4C36609B6C3DF8E2EF1F8B8BA2FC3A2E1E53CB27291F384AF","1479","2026-10-06T01:54:00.7858860Z"
"node_modules\debug\README.md","486CB669048BD5014ADF9EA117E27A45C4E61B0E668F464C724273BEB8170797","22115","2026-10-06T01:54:00.7915466Z"
"node_modules\debug\src\browser.js","19920671F5902F64AD8EA11767FA50EA9D7A71AE0B7DFF7BA5693C0075AFC763","6103","2026-10-06T01:54:00.7786767Z"
"node_modules\debug\src\common.js","DBE83D2BB5837F3C4D7FE537B8004C585987270ECEED5B06B8E078DEB0AE214A","6915","2026-10-06T01:54:00.7792212Z"
"node_modules\debug\src\index.js","AA127FF1752B7D9C7415C5C7BB6994D9AA722B81BCBCAB4BD48316B013D23BF3","314","2026-10-06T01:54:00.7818787Z"
"node_modules\debug\src\node.js","D7B26D7C92F8EA7794B77CE11F3C11CD18C9084DF7C357E3C7025344FA28AAC6","4728","2026-10-06T01:54:00.7828821Z"
"node_modules\decompress-response\index.d.ts","7C272546F8957C2897F002F21A8BA4926D5CB93B40EBCA4CE69E903B272CF0D9","542","2026-10-06T02:24:34.4473676Z"
"node_modules\decompress-response\index.js","682E0812A9F4F7E4CEE568A94F3B51BA0D9E5AEC3FB0EC3042D9D5444CF892CF","1320","2026-10-06T02:24:34.4085866Z"
"node_modules\decompress-response\license","5C932D88256B4AB958F64A856FA48E8BD1F55BC1D96B8149C65689E0C61789D3","1117","2026-10-06T02:24:34.3899682Z"
"node_modules\decompress-response\package.json","8FB6B0B19D09CC1C5B2CAAD128AE39B2FD693A35BB3D440C4E1143BFB9D10080","985","2026-10-06T02:24:34.4212888Z"
"node_modules\decompress-response\readme.md","C0B4C1ABAB05FBF0414EF03385DE06C3504787304F229F091E9DDEADAD9CC1AB","1508","2026-10-06T02:24:34.4354226Z"
"node_modules\decompress-response\node_modules\mimic-response\index.d.ts","3F69DCC939C762BA024DAD37843CD3DB9CC1D7542C05790331939CD6096BB6EE","599","2026-10-06T02:24:34.4473676Z"
"node_modules\decompress-response\node_modules\mimic-response\index.js","5FE21E8B7A51EA8F6BDDDC198EC62B523033C12C60C2F95FEF6446779200DAF0","1581","2026-10-06T02:24:34.4106888Z"
"node_modules\decompress-response\node_modules\mimic-response\license","5C932D88256B4AB958F64A856FA48E8BD1F55BC1D96B8149C65689E0C61789D3","1117","2026-10-06T02:24:34.3905060Z"
"node_modules\decompress-response\node_modules\mimic-response\package.json","FF358428A418A46FB2431A2C48B396FB01C8291FEC9E1F14434ADE01196C8E9C","768","2026-10-06T02:24:34.4212888Z"
"node_modules\decompress-response\node_modules\mimic-response\readme.md","777C0925BAF283767A4B0B5E4A6C5F652AD17FEA49B29CBD6D68C09E479836A8","1938","2026-10-06T02:24:34.4354226Z"
"node_modules\defer-to-connect\LICENSE","0194571D45A06EA2A22CEB51F981E3BE92525966D28847DBC0D9982603BF90DE","1071","2026-10-06T02:24:34.3905060Z"
"node_modules\defer-to-connect\package.json","C6612733269EB12C77FF74DE36DF16D75643323A421C2AA51493ED0F401A0AA5","1588","2026-10-06T02:24:34.4293392Z"
"node_modules\defer-to-connect\README.md","9C469D26BAA41F0DE4DB98F2C4DCF6DD14C489223DEE719CCC7148CFF675D5AF","951","2026-10-06T02:24:34.4414503Z"
"node_modules\defer-to-connect\dist\source\index.d.ts","B657118696E3EE44E06D71D9C37E1D95517D0F45124B426D8DD4268DD1658A02","346","2026-10-06T02:24:34.4539135Z"
"node_modules\defer-to-connect\dist\source\index.js","1E507B67901F0D5C6500DE7E0A2B0FFD45E569619B8D31D428B90055FF7E3D21","1488","2026-10-06T02:24:34.4137703Z"
"node_modules\define-data-property\.eslintrc","500A324DB044702F9DF2AAE5901A2BB474F31424A06C580373C9C766B3F897E1","291","2026-10-06T02:24:34.3905060Z"
"node_modules\define-data-property\.nycrc","948366FEA3B423A46366326D0BB2E54B08ABD1CF0B243678BA6625740C40DA5A","216","2026-10-06T02:24:34.4091121Z"
"node_modules\define-data-property\CHANGELOG.md","505CFF21A498C2186D643EBA46DAC80C6D71E25CEFAFF156E24DD2AFE29E8924","5390","2026-10-06T02:24:34.4740888Z"
"node_modules\define-data-property\index.d.ts","654404BEF397F9614F656D78D09C36D3EF38E005900CEA77C8BEACF0EE1E8F07","315","2026-10-06T02:24:34.4816520Z"
"node_modules\define-data-property\index.js","E34746E8C69BBF6BA2182B7362E9C4DC5FB3C19CACE48091781AE967370BC065","2336","2026-10-06T02:24:34.4354226Z"
"node_modules\define-data-property\LICENSE","B41D08BC3624D8C436FC80237D73EBB361985A67F4504BBCD703E5CA2B27254C","1071","2026-10-06T02:24:34.4212888Z"
"node_modules\define-data-property\package.json","BDE7F1465B344A24DA2B10D2EE99F87EDF8E0ECD177C28370B60AD9595DE730E","2856","2026-10-06T02:24:34.4590547Z"
"node_modules\define-data-property\README.md","72DDFA32F732F61479CFB34852CB0F57162BC3037A97BF812C4E42679B3FF0B9","2431","2026-10-06T02:24:34.4776142Z"
"node_modules\define-data-property\tsconfig.json","DF4B3B4BCC4F4A716F64EAA22530AD895E244489474D1583E866F5FD26EFE462","4883","2026-10-06T02:24:34.4666918Z"
"node_modules\define-data-property\.github\FUNDING.yml","DF75ED2445C3BD41CD33A86E496F4EC7E279DAB92D1A01E0CF58C1AE2A675209","591","2026-10-06T02:24:34.5128057Z"
"node_modules\define-data-property\test\index.js","DB68BC8E54487D027C9699F4B6DF2DF865386DE6F2B738619C7C6431C919767D","10471","2026-10-06T02:24:34.4534047Z"
"node_modules\define-properties\.editorconfig","EDE54E8B6B96147C61EFD0DDC56D3683508A26066A8BAABD63673D2779A06F23","276","2026-10-06T02:24:34.3905060Z"
"node_modules\define-properties\.eslintrc","642B1B0F395FBBACBEC0B28FB93C7BC47628403B188670592CF6B03CA3943A19","235","2026-10-06T02:24:34.4091121Z"
"node_modules\define-properties\.nycrc","997785C50B0773E5E18BF15550FBF57823C634FEFE623CD37B3C83696402AD0A","139","2026-10-06T02:24:34.4212888Z"
"node_modules\define-properties\CHANGELOG.md","A339AD105DA2F57037A406CCAA9F0683B54BEE8B987D7E09076EC554846CB9A5","4199","2026-10-06T02:24:34.4620835Z"
"node_modules\define-properties\index.js","4CDB9CCD20DC4CEB0709328CC68DA842A334BAFBF501543922C67E15A99901D4","1268","2026-10-06T02:24:34.4473676Z"
"node_modules\define-properties\LICENSE","00D402C2BBE7C67369BD01CE2C16B8ED46CCC949A1EE2D6BB8F9606AFA8C7434","1080","2026-10-06T02:24:34.4354226Z"
"node_modules\define-properties\package.json","B61B15058833610F17197BFB60847926703E077B180DE684CCC50866906F6FB1","2281","2026-10-06T02:24:34.4570465Z"
"node_modules\define-properties\README.md","C815695443811B1D5265A37E9415A62F120C2CFE12609AFE5CEB5982A9A3EA13","2824","2026-10-06T02:24:34.4676995Z"
"node_modules\define-properties\.github\FUNDING.yml","F569ACE05F62D6D711BC5CA55B8ACAEDD9CD075E5AD8B7357450A1B6DC6BF67E","588","2026-10-06T02:24:34.4766078Z"
"node_modules\detect-node\browser.js","72C8909B39F69B5D5405193F119B9EFADB2F1FD44CDD222717EF5F04B2C38818","25","2026-10-06T02:24:34.4070043Z"
"node_modules\detect-node\index.esm.js","E695A70E4E9E13F5446B6D16E972C1D3667CC24E84A078C9344925A2FC8E597D","184","2026-10-06T02:24:34.4202793Z"
"node_modules\detect-node\index.js","68F447114C8F1B9966B006C61322E6A15BF4908ADD43F4F715B8BA99095F758D","186","2026-10-06T02:24:34.4344186Z"
"node_modules\detect-node\LICENSE","54B32293EA560D22CD9B62AF9B2CDA1A030D910A48C6601D227C5FF2338D95F8","1068","2026-10-06T02:24:34.3899682Z"
"node_modules\detect-node\package.json","5E6042DE425CE3C1057543EA5DD449D83B87736BA39A2B265376B9B85B2423A7","607","2026-10-06T02:24:34.4463608Z"
"node_modules\detect-node\Readme.md","7A6C7862ECBD1EACC3BCA388D4AAA93A6FE03DEEAF2ACF4522EAFF0405E96E0C","691","2026-10-06T02:24:34.4555412Z"
"node_modules\electron\abi_version","D6F0C71EF0C88E45E4B3A2118FCB83B0DEF392D759C901E9D755D0E879028727","3","2026-10-06T02:24:34.3905060Z"
"node_modules\electron\checksums.json","2508680E429C71E9B61B7703A49E23A87E7FED4608B9141FB2482E48FC55DBBC","8208","2026-10-06T02:24:34.4580531Z"
"node_modules\electron\cli.js","186A8FFA8CFEA268BFEF39569A145F8122D662DB1AC4C022F3EF60BB4C894CC5","693","2026-10-06T02:24:34.4212888Z"
"node_modules\electron\electron.d.ts","A50994C95F074287239AE3723743683D30A0162BC0261C8F77DBA265D79F645E","1083922","2026-10-06T02:24:34.5335288Z"
"node_modules\electron\index.js","C10BBA0C22044AAD50AE44A7699BB60579465564934426BED2033E7B70C288A3","670","2026-10-06T02:24:34.4354226Z"
"node_modules\electron\install.js","55486B0642E5BFB6CD59E58EC2A09AF23C371F0E00CAE7DB395C4AEA4CB25C9A","3203","2026-10-06T02:24:34.4473676Z"
"node_modules\electron\LICENSE","5154E165BD6C2CC0CFBCD8916498C7ABAB0497923BAFCD5CB07673FE8480087D","1096","2026-10-06T02:24:34.4106888Z"
"node_modules\electron\package.json","1CF2E8F50CBDD01B128F568DE7890B1297F17E67EACA76A52C45AECB07B7F889","746","2026-10-06T02:24:34.4635970Z"
"node_modules\electron\path.txt","DCEDF875E21343ECBF6371FFA7E5420B1BADF3136EBDC98F908B9EF2ACE9FA86","12","2026-10-06T02:24:38.0118762Z"
"node_modules\electron\README.md","95BC15CC934B5A39CF63C4F02114C98CB7856198832E9038A4AEAAC55C425599","4762","2026-10-06T02:24:34.4686969Z"
"node_modules\electron\dist\chrome_100_percent.pak","CBE052E9BD36032CDE9D0AD7496D611C6A3C98A130B960E1298D490254BE1159","114781","2026-10-06T02:24:37.8108215Z"
"node_modules\electron\dist\chrome_200_percent.pak","6593BA8ECE63001A3FB77BD1D872566EDEB26213A1BE8E852DD956F6D0E2C93E","186658","2026-10-06T02:24:37.8882833Z"
"node_modules\electron\dist\d3dcompiler_47.dll","C8E25ABD3D45DFB55966A74613258C39B4A83EA2AC77F2F80903499F4D5C03F0","4741480","2026-10-06T02:24:37.9367894Z"
"node_modules\electron\dist\dxcompiler.dll","ECE5D4A3AA8BE7DDCBE81117282E8EA46E5A47D4504A0922084F242EB25F9D45","25619968","2026-10-06T02:24:35.8343062Z"
"node_modules\electron\dist\dxil.dll","436F128F22050AE27323DA61321A469DE0678DEF7A4E6D86F9CCAD4858724F0A","1503600","2026-10-06T02:24:35.9306887Z"
"node_modules\electron\dist\electron.exe","5C4718CD0863732B5C16D6B4001CEDA79F6DA2F2C068E135326D115712D459B4","213947904","2026-10-06T02:24:37.7909942Z"
"node_modules\electron\dist\ffmpeg.dll","3D57A182416EE27825B363B6B5C55224A2A915FA65DABDCFC7C7993843DA8E6C","3086848","2026-10-06T02:24:35.6746748Z"
"node_modules\electron\dist\icudtl.dat","1CF67874B5A87A8363A86FB3F81E3CBBED54D389062DAB8FB52308D5CF8C8612","10822192","2026-10-06T02:24:35.9147243Z"
"node_modules\electron\dist\libEGL.dll","9B336BB76628EAB6952DAD742E8EDB6BB2D9BB3475048D797D2D21731B50AD7B","512512","2026-10-06T02:24:37.8025766Z"
"node_modules\electron\dist\libGLESv2.dll","2247F485671A6CA032BF757E645902A549829F5174A20E912D1571B1EDC1C100","8011264","2026-10-06T02:24:36.2051460Z"
"node_modules\electron\dist\LICENSE","5154E165BD6C2CC0CFBCD8916498C7ABAB0497923BAFCD5CB07673FE8480087D","1096","2026-10-06T02:24:36.0790883Z"
"node_modules\electron\dist\LICENSES.chromium.html","1145A9FAAADF10F97AB6A1D0C5B7F74C6A2EAE46B532F168A233B9A5CD7D52CF","15997529","2026-10-06T02:24:37.8793009Z"
"node_modules\electron\dist\resources.pak","5E2FD4D456E6A5B999C3C0A099340035B0FCBBE40A8F072D0464A400BD04800B","6432249","2026-10-06T02:24:38.0053532Z"
"node_modules\electron\dist\snapshot_blob.bin","7465AFD52C876D08D4F0B645CD4C49CD9122B59B122220706DC21949A01F00F0","339863","2026-10-06T02:24:36.2782316Z"
"node_modules\electron\dist\v8_context_snapshot.bin","8B47181DB61D20574CF3407FFBFEA0F4584D4D74B5E5BCD873DBAD5B19D4D0ED","713034","2026-10-06T02:24:36.2923461Z"
"node_modules\electron\dist\version","6893DD219AAF387F9709203C44EDB435C617E19D2E8257A80D25F4DB695E53FB","7","2026-10-06T02:24:36.2813018Z"
"node_modules\electron\dist\vk_swiftshader_icd.json","32D83FF113FEF532A9F97E0D2831F8656628AB1C99E9060F0332B1532839AFD9","106","2026-10-06T02:24:37.8248528Z"
"node_modules\electron\dist\vk_swiftshader.dll","775DFE872A730E9597AACAFA1CB15D587390E66EA79C5D4AFA686588ADD6A03E","5628928","2026-10-06T02:24:36.0483835Z"
"node_modules\electron\dist\vulkan-1.dll","5A75141621AD5FA7E14264C0709322A0F0E1B946294D56319E7AD06F6270B236","957440","2026-10-06T02:24:37.9433197Z"
"node_modules\electron\dist\locales\af.pak","F500BA115F773738D84FEB12A909F8E9509F94B1D45BC86FF6EEFDCA6C7F1FA7","596607","2026-10-06T02:24:36.1176739Z"
"node_modules\electron\dist\locales\am.pak","4B2DCC369FB50860CC87929488AA9B6E35D973A5234B77EC907E2FE2A8790931","969188","2026-10-06T02:24:37.8075932Z"
"node_modules\electron\dist\locales\ar.pak","71D8F4F3A910647572CCFAA9B75D1CC158073C7AAC9FA4372578160380F71475","1072288","2026-10-06T02:24:35.9581416Z"
"node_modules\electron\dist\locales\bg.pak","7AB64589CB8B221DDCCD0BBA60CD27B57445DCFA1D1BF282A908AFCBE24F8205","1105607","2026-10-06T02:24:37.8946238Z"
"node_modules\electron\dist\locales\bn.pak","FCA72236CEF1F37E81A0002B18473237E1FD9C170BD809F2D82DEE5617ABF082","1426968","2026-10-06T02:24:35.9353906Z"
"node_modules\electron\dist\locales\ca.pak","8076FE9DE4102465252EC963DBD26149918BCD4C8C71BC16DDB5B691F78DA14B","672666","2026-10-06T02:24:35.6832905Z"
"node_modules\electron\dist\locales\cs.pak","D3043F0EA0A91D7089B9BD46EBD2192CFA77A1AD9D07D6DD0E72DB2F03307DB4","698933","2026-10-06T02:24:36.0707163Z"
"node_modules\electron\dist\locales\da.pak","4A80237C4E8761925583A5F404F1EB9FC4B0591724CBEF057B50C935E67F9893","628622","2026-10-06T02:24:35.8555471Z"
"node_modules\electron\dist\locales\de.pak","B0FCC971930FEEBD20752910406A251AB515DD8377C926EFBF0730ECDADAC00F","673617","2026-10-06T02:24:35.9857733Z"
"node_modules\electron\dist\locales\el.pak","1079CD78B3CBAA80BC5A1068DDE1201EAE8211F935A4FAA8FD1B2E881DDCFDE1","1216543","2026-10-06T02:24:35.9774649Z"
"node_modules\electron\dist\locales\en-GB.pak","D7FF81E2CB2956BC159B6FF806D39177B1F886F6C0DE88E5E3A42655B3B0B2C3","543897","2026-10-06T02:24:35.6776804Z"
"node_modules\electron\dist\locales\en-US.pak","EF30389492CC2D31BC5C162056FE68C27A5D57B0A69F5F878562325F795C5185","550193","2026-10-06T02:24:35.9822335Z"
"node_modules\electron\dist\locales\es-419.pak","0F5AF329AAE315473EF60E4E9E4CF2168AF9A5A53C24C5D6367DD87B7E3F146A","663018","2026-10-06T02:24:35.9906595Z"
"node_modules\electron\dist\locales\es.pak","CC3D7C3F694333F8B83127131B665130705598AB1AD7E1E16A0359AD52A73AA6","660240","2026-10-06T02:24:35.9616834Z"
"node_modules\electron\dist\locales\et.pak","2D9EDAEBD948A518CA0074EE9B3E0840BDFAFE4391EC8435A1F0F7072D88AC7D","602773","2026-10-06T02:24:37.9026579Z"
"node_modules\electron\dist\locales\fa.pak","D26E6E0CF1786B01E3F7257469FE048871218113DB5C51B9F72A5FA0D242E8CF","998678","2026-10-06T02:24:35.8388548Z"
"node_modules\electron\dist\locales\fi.pak","B87CBC298D42619699A207CEC6BBC34567528CC0B37EA2059F48CD2C63B857A0","613544","2026-10-06T02:24:35.9187247Z"
"node_modules\electron\dist\locales\fil.pak","BE9A51A3E3BBB334EF1DCEC3F85F5D884E04D5580B4E7A24E9D5BBF84FA56E1F","697137","2026-10-06T02:24:35.9483967Z"
"node_modules\electron\dist\locales\fr.pak","2A7E6756253D85EDB24A27E4E3F8E43BA1B124160CC1ADAE9792195ABBBF7A5F","717683","2026-10-06T02:24:37.9476234Z"
"node_modules\electron\dist\locales\gu.pak","2623480AB810561CA86EACAA6B09EC67D4716E74484917A9931CAAFE57F183D7","1408655","2026-10-06T02:24:36.0064204Z"
"node_modules\electron\dist\locales\he.pak","C6712BE63D5D0337C345CF03AF8A492200E1CDBFA124801620B58F7212C20C90","874753","2026-10-06T02:24:35.8494696Z"
"node_modules\electron\dist\locales\hi.pak","04007246AA9ACDE32D4AB3E0EDB6C898E995D6B716579911D76A8E169538074A","1491338","2026-10-06T02:24:36.2415469Z"
"node_modules\electron\dist\locales\hr.pak","A6C1D62D5EBF72ABA06B83DA68C2A7E4ED77817CFA6E5F6F531DF9DDD2D67F12","672878","2026-10-06T02:24:35.9396332Z"
"node_modules\electron\dist\locales\hu.pak","BD054C1C8C9F4A53106ACCC3C61310322A160D9C66C6317A63C91D17EACEE23A","719634","2026-10-06T02:24:37.9577147Z"
"node_modules\electron\dist\locales\id.pak","81574AA518C3CF7DAB5E08510DB9180A7A4D1E115A97FEE8AE471B423301E793","594046","2026-10-06T02:24:36.2647196Z"
"node_modules\electron\dist\locales\it.pak","516392EE5C30CCE472C5E2F6EA72C9607FDE7D543791840B2147BA126277FAE8","651223","2026-10-06T02:24:37.9511879Z"
"node_modules\electron\dist\locales\ja.pak","F83467016FE545C2D7FFB29818B63141936DDBEB347EECB94DBCC4DD7AEBC160","792857","2026-10-06T02:24:35.9439692Z"
"node_modules\electron\dist\locales\kn.pak","6E4307CB71B0086F9173FE76675F12D017F2318F31930C9B7551552D10608876","1615330","2026-10-06T02:24:37.7975298Z"
"node_modules\electron\dist\locales\ko.pak","DDEE44A6CB30A5F19FB7E2F475EF38CA866CCD9454807F04B028F211D6E0638D","672986","2026-10-06T02:24:35.8454545Z"
"node_modules\electron\dist\locales\lt.pak","38A85C44924159A7096AC757E11A6E3EC94058E40D661B45E796C29B1FFC2FE6","731816","2026-10-06T02:24:36.2324565Z"
"node_modules\electron\dist\locales\lv.pak","B1789EFBE97746E1CEB8ECA5FEC1BACF84E2F157CB24BA10487141F80A8D0FE6","728832","2026-10-06T02:24:37.8153916Z"
"node_modules\electron\dist\locales\ml.pak","35E3ECBC30A2BA8EEEAFA884B63B502876086E4F58694AFACE215280620B6FF4","1666333","2026-10-06T02:24:36.2157481Z"
"node_modules\electron\dist\locales\mr.pak","20121228E7790B61C69D3E8A825098002BAE61884B2C6CD84189C31415A594F6","1378315","2026-10-06T02:24:36.2584133Z"
"node_modules\electron\dist\locales\ms.pak","3D504AD265B71B6DE6E1D65A5A92C0A5F3D9AC188CB073D6391A0884217D6580","625550","2026-10-06T02:24:36.0764419Z"
"node_modules\electron\dist\locales\nb.pak","BF454559AF0C66C2BEB108B45664BBCE95C8FC6CA6E9E176D77161C2AC3C2C09","600650","2026-10-06T02:24:37.8976384Z"
"node_modules\electron\dist\locales\nl.pak","6562756131AC1966805981BDDD08C4330AB4CBCFED836482203BD6A819E6D99D","625155","2026-10-06T02:24:37.8842376Z"
"node_modules\electron\dist\locales\pl.pak","A7266A664CFB74895E2B9099F67F179043DF848E8BDF97264756E8383367C66F","698421","2026-10-06T02:24:36.2492317Z"
"node_modules\electron\dist\locales\pt-BR.pak","1AB6DEE0FB09DFE1C53CF196EFE404041835602BCE797877F7FA89B2011BECF6","654009","2026-10-06T02:24:36.2233597Z"
"node_modules\electron\dist\locales\pt-PT.pak","1001AF3F01E2E52B535B8C9F9E37F356998B597FFE6BFA90D23A2500D0EFC3A4","657293","2026-10-06T02:24:36.0636828Z"
"node_modules\electron\dist\locales\ro.pak","2FECA2991C73A665D1503B9C1320B518658EA940A62F35B75F7780D4EF0B054A","681998","2026-10-06T02:24:38.0093668Z"
"node_modules\electron\dist\locales\ru.pak","8487E04FAB7B7350E17F3441455C4995D12AC870FF8F2B97DD44AEED1A3F0169","1132729","2026-10-06T02:24:35.9989425Z"
"node_modules\electron\dist\locales\sk.pak","ABE4F0F69555A929F3F9E992208CF178B86C300803FB1E01C7C78E5FA96CE1A2","710307","2026-10-06T02:24:35.6453461Z"
"node_modules\electron\dist\locales\sl.pak","105F19BD95178AFDD37507B09187B7E57F660FC8CBAF61840E770A0DBD624989","680528","2026-10-06T02:24:35.8606389Z"
"node_modules\electron\dist\locales\sr.pak","C85A6A25A18CBF773861255BDF09DBBBF6E7DA0B56196D02ED9ED48B7C1BFA7E","1046626","2026-10-06T02:24:35.9659459Z"
"node_modules\electron\dist\locales\sv.pak","50EE47F0ECAB084A1E47FD1055F14204A904E02E76CC11F056880027BB30F0B4","606558","2026-10-06T02:24:35.9709296Z"
"node_modules\electron\dist\locales\sw.pak","039C517EF328C62D1FED7E8B6D229F6D30F09DF5AABD79503D6798E37ED89315","641434","2026-10-06T02:24:35.9524553Z"
"node_modules\electron\dist\locales\ta.pak","B629034F195F1B354F959186F9C9DE6A8E5FCB8ED98F2B120CBE574681A96F6D","1657455","2026-10-06T02:24:36.1080840Z"
"node_modules\electron\dist\locales\te.pak","B226521143030F9C0253E26E45603DB8817A106253F085E731DED1269BE74127","1532014","2026-10-06T02:24:36.0581366Z"
"node_modules\electron\dist\locales\th.pak","ADEC2C1293D2BFC4C4E49D78B4D1A27F1D68B79398935AA45219736AB90903E7","1286246","2026-10-06T02:24:36.0884662Z"
"node_modules\electron\dist\locales\tr.pak","B38C37FBC4DE0D502FA8FDB0E628D40E84DD4C3AE9A5D3191405635F8C815343","653333","2026-10-06T02:24:35.6521469Z"
"node_modules\electron\dist\locales\uk.pak","3D19684EE617AA6465E25DB6927E257F290DED63EAD9402C440A34D5983B7585","1139851","2026-10-06T02:24:36.2735124Z"
"node_modules\electron\dist\locales\ur.pak","4047D247F7827A03A5C64F252A9E5A5AC9FABC75BDD03B87A3D248EEFCA03648","983529","2026-10-06T02:24:37.8219063Z"
"node_modules\electron\dist\locales\vi.pak","263DBE4EA8B3AB7F189B91D6707FDFBA604D02894BC50483A8B562334D303A4C","775605","2026-10-06T02:24:37.9067113Z"
"node_modules\electron\dist\locales\zh-CN.pak","CBA14B4E279269DAF8E7E7925039DF8EB37A9B7459A27A41E57C933FCCB745FC","555984","2026-10-06T02:24:36.0951290Z"
"node_modules\electron\dist\locales\zh-TW.pak","C425D71D1D06BA214857EFDA2A33B098D8D8469705840E13AA6E663963871DB3","549409","2026-10-06T02:24:35.9212265Z"
"node_modules\electron\dist\resources\default_app.asar","BA7945028C515F55715AEFC66F84EE41FDBC56A60A795287BEA4066ABE643ACF","110825","2026-10-06T02:24:36.2843185Z"
"node_modules\end-of-stream\index.js","FD2C4E9B9B363DCE5971089AD21A45B68499DC5C7C3EE2ACA6CFFA9BC2F76D04","2739","2026-10-06T02:24:34.4085866Z"
"node_modules\end-of-stream\LICENSE","3FE8D55A98DBF260EACE67C00CF9BC53EDB46234E840098A0B93DF3096B97FB6","1078","2026-10-06T02:24:34.3899682Z"
"node_modules\end-of-stream\package.json","DA504D0BEF5A5974590B62F58DF0003B448ECCDE6B5FBEB044506B7E43368EB5","777","2026-10-06T02:24:34.4212888Z"
"node_modules\end-of-stream\README.md","177B2368D761E70733E06BBC2FF58F59360E49643AA86B99BC3114BA7EE2FE0C","1701","2026-10-06T02:24:34.4354226Z"
"node_modules\env-paths\index.d.ts","6BC60B4956B1E7F38B44938F14AEAF6FC79F1AA72A8A3281116521A418C968AF","3074","2026-10-06T02:24:34.4463608Z"
"node_modules\env-paths\index.js","84351667051B005F9856319267407B06AFFAD12888355462C7C8740F22CA3999","2155","2026-10-06T02:24:34.4085866Z"
"node_modules\env-paths\license","48DA2F39E100D4085767E94966B43F4FA95FF6A0698FBA57ED460914E35F94A0","1109","2026-10-06T02:24:34.3899682Z"
"node_modules\env-paths\package.json","B92833E5851EC53BD4CD8093F6099D0C6E6818C4374EC1D09AA25D4F9BA91EC4","698","2026-10-06T02:24:34.4212888Z"
"node_modules\env-paths\readme.md","0E7E14CBBC73F780195E6115B26ACFB561741BAB0860E954B1780271B1566966","3127","2026-10-06T02:24:34.4354226Z"
"node_modules\es-define-property\.eslintrc","317B53D336FEF735ECF930B9518869A5692C1BD1B80EA2D53CE6A86B36919C67","144","2026-10-06T02:24:34.3879158Z"
"node_modules\es-define-property\.nycrc","997785C50B0773E5E18BF15550FBF57823C634FEFE623CD37B3C83696402AD0A","139","2026-10-06T02:24:34.4059370Z"
"node_modules\es-define-property\CHANGELOG.md","FE3C3C181877529CCB5CCE2F34779FA3FD28A5C5D239CA4C2A36E617DC3589B7","2296","2026-10-06T02:24:34.4676995Z"
"node_modules\es-define-property\index.d.ts","26F10CC22A24B23DB7CD41FF339C907121EF7F518E0FE347B48A05F1BF0F7CBF","93","2026-10-06T02:24:34.4786143Z"
"node_modules\es-define-property\index.js","92D23D0217808C68692A1881369C207DB1A35FC09DD24B98DD5F1A07D6BB3ED0","288","2026-10-06T02:24:34.4344186Z"
"node_modules\es-define-property\LICENSE","5E325595B4EA8CFEC3802F545B1DEF5D7B73E4A5B8E9BA63E32A320F67732292","1071","2026-10-06T02:24:34.4202793Z"
"node_modules\es-define-property\package.json","3A2CB30DAE30A96705DCD9AA2D5FB190CF8200F27BADCCFA5A81A4374E5708B4","2129","2026-10-06T02:24:34.4580531Z"
"node_modules\es-define-property\README.md","5CE564BB53FAFD87B543F144E04955D128199205CF07BFF442F3B875CA90D422","2056","2026-10-06T02:24:34.4761035Z"
"node_modules\es-define-property\tsconfig.json","2FF433185C049374CA38887AC82B549215CD40F0090D4C350F8EE6C549FB076D","138","2026-10-06T02:24:34.4630918Z"
"node_modules\es-define-property\.github\FUNDING.yml","FDD23EB2A51D498F6BBC1D709EB6FAD3778BBB0205126BC9548D4C59B714A402","564","2026-10-06T02:24:34.4843375Z"
"node_modules\es-define-property\test\index.js","2F27838DD904C0F4691D65239CF7A9DFB00F976634D616572B0ACAF18F31E674","1299","2026-10-06T02:24:34.4478728Z"
"node_modules\es-errors\.eslintrc","0694050195FC694C5846B0A2A66B437AC775DA988F0A779C55FB892597F7F641","43","2026-10-06T02:24:34.3879158Z"
"node_modules\es-errors\CHANGELOG.md","F21CE3B58B9C00181C38429F5F5F07438675FB519C749E4CC9EDD7C661A00DAF","1833","2026-10-06T02:24:34.5161549Z"
"node_modules\es-errors\eval.d.ts","82E8FDE67D906608C18EDE0EE67F0EC2221E13FB7DE1576F9FC59E91158DE2E6","68","2026-10-06T02:24:34.5195776Z"
"node_modules\es-errors\eval.js","D3161A97F162B483206E9849E41BB17FD54166810C76EBAA1DF068133E54CAAE","75","2026-10-06T02:24:34.4202793Z"
"node_modules\es-errors\index.d.ts","032AF142C4E06FCD215E4519D4D1C9C60DBAA63D033CB116ABB5B5A4F6336FBF","56","2026-10-06T02:24:34.5205789Z"
"node_modules\es-errors\index.js","28FEE350E89561019CF27EA37A313B4B4995F521FD087198FA235A8F135962DE","66","2026-10-06T02:24:34.4344186Z"
"node_modules\es-errors\LICENSE","5E325595B4EA8CFEC3802F545B1DEF5D7B73E4A5B8E9BA63E32A320F67732292","1071","2026-10-06T02:24:34.4064687Z"
"node_modules\es-errors\package.json","1A0A0BCCCC76B915CB64073317312840CF6363E9144B96F406D0059774DD5278","2174","2026-10-06T02:24:34.4826529Z"
"node_modules\es-errors\range.d.ts","7AB8A9B5B7D60CD76C021039F87509F5A13BA0292A3984FB1381B4BA4D79C26C","71","2026-10-06T02:24:34.5223563Z"
"node_modules\es-errors\range.js","E376220F3A0226BD5B09B6D5A1411BBAC274DB8D2D9F7EB723142B7E676374BE","77","2026-10-06T02:24:34.4570465Z"
"node_modules\es-errors\README.md","176EC91DB928C929508ABF9917EBC35DD66E5EA1A989AC3E7AB290496D32C0D6","2114","2026-10-06T02:24:34.5175719Z"
"node_modules\es-errors\ref.d.ts","C736BB4552777F1DBA23AA0152B8E41C20A09BBC02FCA1DDE4EA4D1180FEFB04","83","2026-10-06T02:24:34.5233631Z"
"node_modules\es-errors\ref.js","31945F1740A0A2143FB8C38943AFC6CCE5DE5BA6FAB7AF42D17B7874A19A0900","79","2026-10-06T02:24:34.4620835Z"
"node_modules\es-errors\syntax.d.ts","7A47E9178209435C05B910D1AAC6FC939721C2CF45A878759C9A855B0B67551F","74","2026-10-06T02:24:34.5248716Z"
"node_modules\es-errors\syntax.js","56574ECD3EB54C06EFD319080CC8923992791E430C914520B85E92C2F5E373F5","79","2026-10-06T02:24:34.4666918Z"
"node_modules\es-errors\tsconfig.json","539CACFFE5895FCF9A9EB59E3A6A9FADBB41BA3E05339D97E3B55DA34D2C85A4","3170","2026-10-06T02:24:34.5128057Z"
"node_modules\es-errors\type.d.ts","BF83D189C911C5D6F970C3C6A0DDF5637EFE3DEAFAAD89C31EF4418A2F90487A","67","2026-10-06T02:24:34.5258786Z"
"node_modules\es-errors\type.js","C71B2F41C15EDB3824F50DD24DF900495C8CAABA5B6E9A80851B82BB2309827B","75","2026-10-06T02:24:34.4740888Z"
"node_modules\es-errors\uri.d.ts","CCBB8676063C7D4446B57E51B13D2F3D24A48AD419F9495B5BB21BD86F8C9374","65","2026-10-06T02:24:34.5283934Z"
"node_modules\es-errors\uri.js","E1E5591BDE037A2FFEDA822FA03FAC22FF7C93C7B269ED9ADF1CBEA0E21614B0","73","2026-10-06T02:24:34.4776142Z"
"node_modules\es-errors\.github\FUNDING.yml","5CFFDEEEE604FDF21F64369BF526C2C707377F01FDF1D816B204422CDE144CE9","555","2026-10-06T02:24:34.5304448Z"
"node_modules\es-errors\test\index.js","14E2B88A10618AC3947289F93011DCFC5A2C27FCB585F453F99DE8EE739185F8","356","2026-10-06T02:24:34.4478728Z"
"node_modules\es6-error\CHANGELOG.md","7BF7AAF6A7F1F5FC0ADB365AED233AE15BE86382647343AF19C61C015BA1F5C0","570","2026-10-06T02:24:34.4064687Z"
"node_modules\es6-error\LICENSE.md","9F655C5BAA5A6F254D1E87F27E14D04ACAFF4BD0B489EA3C2F33723919DA2F44","1081","2026-10-06T02:24:34.4202793Z"
"node_modules\es6-error\package.json","981C98231B3AF16D67DE31CBBE0E9910D8A5BD01CE57FF5C9662937FDAC9AF88","1404","2026-10-06T02:24:34.3879158Z"
"node_modules\es6-error\README.md","1D6BFF2E2808F013980920FB283E190D0966016AA373492F286EB59220892686","1463","2026-10-06T02:24:34.4344186Z"
"node_modules\es6-error\es6\index.js","377E253CB2BEE8B344DDB950AD61A3B29BEF8F1BDE27117AC40ED164484A0395","2582","2026-10-06T02:24:34.4483786Z"
"node_modules\es6-error\lib\index.js","FAB494E9DCB8947590AFFAD026865408B00785365D452A9B7A7EEEEEDA9D981D","2703","2026-10-06T02:24:34.4590547Z"
"node_modules\es6-error\typings\index.d.ts","87DC4AA712E5FC14D93D1A91919B0105AAC5DC6C04259FCB28A5D57A1347FBA3","55","2026-10-06T02:24:34.4666918Z"
"node_modules\escape-string-regexp\index.d.ts","A9FD76613C52AA62A036E7D85D6503601AC3AAE1444F4765C738567E5F687F4F","467","2026-10-06T02:24:34.4458553Z"
"node_modules\escape-string-regexp\index.js","D7170B45E3FAF26DA2FCB2B4A2FAC19AF142B44D2EC5AE7760700896749A5886","461","2026-10-06T02:24:34.4064687Z"
"node_modules\escape-string-regexp\license","5C932D88256B4AB958F64A856FA48E8BD1F55BC1D96B8149C65689E0C61789D3","1117","2026-10-06T02:24:34.3884435Z"
"node_modules\escape-string-regexp\package.json","63763F28AEFA6C49E6E6599E44B7C9AA5AFD6518AE04BCFA534FF3759AD428E8","686","2026-10-06T02:24:34.4202793Z"
"node_modules\escape-string-regexp\readme.md","6C8F2D8A0936F0EC24FB52D64AE2EB7A7037A06ED7D957232D00F022D596812B","1059","2026-10-06T02:24:34.4344186Z"
"node_modules\extract-zip\cli.js","5CBE884BEBD1574A93D863D9EB604B6CAB80954761373F807554BCBA6DBC83D0","393","2026-10-06T02:24:34.4064687Z"
"node_modules\extract-zip\index.d.ts","60550AEC61B6B7012420824782AFDF1B2D7E0EBE566AB5C7FD6AA6D4BAE55DFA","590","2026-10-06T02:24:34.4555412Z"
"node_modules\extract-zip\index.js","1073CA8196D3C9AE51B0DE41DF9D7C347957C8501D0749D852B4994789CDDD78","4957","2026-10-06T02:24:34.4202793Z"
"node_modules\extract-zip\LICENSE","77B2DE947C65F3062FB347118CA198CA50898EAD84A8509D8153FA65741F029B","1314","2026-10-06T02:24:34.3899682Z"
"node_modules\extract-zip\package.json","3E8737DEB0089259F282F6A0D625175AC8EB2B06CC8CE67A2956E3F6EC5CCA07","1860","2026-10-06T02:24:34.4344186Z"
"node_modules\extract-zip\readme.md","9ED07C1EEEB7BBAC8F56039D4F5149C4210DAF4FC81B79285A2D00C3A4A1A43C","1635","2026-10-06T02:24:34.4463608Z"
"node_modules\fd-slicer\.npmignore","E4F2593543ECC224F642737B411A8DDD37F8F0FC485F9EA831B1376CF1D93F01","24","2026-10-06T02:24:34.4064687Z"
"node_modules\fd-slicer\.travis.yml","A3AB58527C8189BD644576175829431E00B30E23F82DC67A3BD8ECDE73DEA7E8","176","2026-10-06T02:24:34.4580531Z"
"node_modules\fd-slicer\CHANGELOG.md","1F7E7484C0CB35667341462B0BDF05819B01ECF19E04542E7CABE0078F19EC9A","911","2026-10-06T02:24:34.4630918Z"
"node_modules\fd-slicer\index.js","05F02AFE3E105F97AF8C5C6C1B29DC388D7FF71C9801C1495A13DC34DBE115F0","7756","2026-10-06T02:24:34.4483786Z"
"node_modules\fd-slicer\LICENSE","176D95320D565CB034D8323797B6CD6160238F625453687F98AAD2085C46C3B3","1057","2026-10-06T02:24:34.4344186Z"
"node_modules\fd-slicer\package.json","C765386ED427FCADD9FFD7AE1C7748D7127685098FDB85CDE3D98DF7E931ED2D","1047","2026-10-06T02:24:34.3899682Z"
"node_modules\fd-slicer\README.md","F076C4B37C5742AB8CE86E6E34D70BD619723362D0D5489CC3E37CFC0E70D429","6713","2026-10-06T02:24:34.4202793Z"
"node_modules\fd-slicer\test\test.js","A9F55E55F54F5747702EB3174989ECA53B81F163D3FB82DEF2012B14435108C2","12129","2026-10-06T02:24:34.4725759Z"
"node_modules\fs-extra\CHANGELOG.md","DC091C5286A1671453F2FCA693E4BB6E27D02FED972CBC4B40C1903DDACD24CB","62556","2026-10-06T02:24:34.4212888Z"
"node_modules\fs-extra\LICENSE","1E76029602AE9B21CC4E612DB2496D92FEBED882BA13BA745F8B3309E85F9D39","1084","2026-10-06T02:24:34.4354226Z"
"node_modules\fs-extra\package.json","3679B74C0B422A1FB5F710AB375B488CCBAC0D38F32F5B1474021CF1827D287A","1623","2026-10-06T02:24:34.3884435Z"
"node_modules\fs-extra\README.md","352AA6EC2829DABE893DBCF0575CD4105AA53558EFF93894ED2277E21B5E8C38","9767","2026-10-06T02:24:34.4473676Z"
"node_modules\fs-extra\lib\index.js","5ABAD787457210EF7904C10FAAB0A06C644EE87FF9EC3987A979818553C7A969","702","2026-10-06T02:24:34.5325187Z"
"node_modules\fs-extra\lib\copy\copy.js","3CD1BEE730D6BF6DAB71F7C1D3429D0F3F43634833D92EA4F3F3347EEEEE5258","6998","2026-10-06T02:24:34.4766078Z"
"node_modules\fs-extra\lib\copy\index.js","06F95D3BDF12008047C254FDD977E43CA451C1470AB7EF0FEFBB48B7DBB39008","111","2026-10-06T02:24:34.4816520Z"
"node_modules\fs-extra\lib\copy-sync\copy-sync.js","F1BD9AD2EAD7423697E295463AF41D5701A582EEAF13F0A516C2628516C53B13","5431","2026-10-06T02:24:34.4605627Z"
"node_modules\fs-extra\lib\copy-sync\index.js","43D2FC28F9A6071056F3055CCA70D810555A7229C93C70810881C048BF3DCE73","70","2026-10-06T02:24:34.4666918Z"
"node_modules\fs-extra\lib\empty\index.js","3D3F32EA252F7A6BF4C4F455B6CEB3FC901E637B5DBF7646C54B7DA5D15B7E74","992","2026-10-06T02:24:34.5141183Z"
"node_modules\fs-extra\lib\ensure\file.js","A55AD2781FCE21F8318603B68B8BDC9595E696AE840022FE006BE21AD58412FF","1105","2026-10-06T02:24:34.5175719Z"
"node_modules\fs-extra\lib\ensure\index.js","6C8E1D92D85D04C25C1A076B1270E26DFAA36583BA95D6D5B7874F3B1700CEAD","623","2026-10-06T02:24:34.5195776Z"
"node_modules\fs-extra\lib\ensure\link.js","61EA4823CFB1ABD1C3F3BBC51ED284D4D7A73F9D074EFCCEE06CD4D64EAEBFB6","1564","2026-10-06T02:24:34.5205789Z"
"node_modules\fs-extra\lib\ensure\symlink-paths.js","57278B32F19B80339E5147BA8FB5858F370260C67520D562717535497499EE15","3398","2026-10-06T02:24:34.5233631Z"
"node_modules\fs-extra\lib\ensure\symlink-type.js","9CC0B6884CF394E8BEBD149FAE5CE82124EC8D19552C570B9873F46AD2B9856D","698","2026-10-06T02:24:34.5248716Z"
"node_modules\fs-extra\lib\ensure\symlink.js","428BEF8F6E9F46AC23F6FA8B9A60F7C6328564E663F33547FB338A1F42421B32","2050","2026-10-06T02:24:34.5258786Z"
"node_modules\fs-extra\lib\fs\index.js","E0D5F5ADD7A30F62529D6A303A86F3B035779D632A78FFFB6809F759D1876A04","2799","2026-10-06T02:24:34.5304448Z"
"node_modules\fs-extra\lib\json\index.js","984C3BADC1522A11A7EA91DF9F4F31B4E4FAF7D18F489D496D06449D361C3FD1","509","2026-10-06T02:24:34.5345390Z"
"node_modules\fs-extra\lib\json\jsonfile.js","857AD5CC1569D6455E53ED4BE618D836257A0FCE5D4DB3BCDA49C5510EA4B26A","291","2026-10-06T02:24:34.5355509Z"
"node_modules\fs-extra\lib\json\output-json-sync.js","F8388235C1188EB35CDB7790829009207931F983933FEDD7812AE2138F9124E3","375","2026-10-06T02:24:34.5365499Z"
"node_modules\fs-extra\lib\json\output-json.js","95D5328FF48A993A442DD537E362F5BC19EC60CD205683D3F401CC561D59615F","657","2026-10-06T02:24:34.5380544Z"
"node_modules\fs-extra\lib\mkdirs\index.js","0FF78960FAE45D37AE3241243B11B02C271294937B7C356752EC986AB56D5B7B","292","2026-10-06T02:24:34.5393848Z"
"node_modules\fs-extra\lib\mkdirs\mkdirs-sync.js","7A7CB556C6807478F410FC04F93ADB3CF4B8C082DFF6D2F808B26BF6DC756384","1251","2026-10-06T02:24:34.5409013Z"
"node_modules\fs-extra\lib\mkdirs\mkdirs.js","F1E959FDF83C06A9434DF900F81C4372C5948A486DE9C398EF5E1667DC4C67DF","1636","2026-10-06T02:24:34.5424077Z"
"node_modules\fs-extra\lib\mkdirs\win32.js","A58409301AA73EA6E2ED07DC1278638EFEC23066F20D16F295DDCD1D1805A61C","517","2026-10-06T02:24:34.5434168Z"
"node_modules\fs-extra\lib\move\index.js","6CCDBB83772D9B80CECBBCC04ECF8B6FC0529E8DAED1C395E27B6A83D5708EE6","111","2026-10-06T02:24:34.5464748Z"
"node_modules\fs-extra\lib\move\move.js","9DF4B4DF8F35EB01CC171C8C086124862F2173C7D37D890730FDB5137C2161A3","1631","2026-10-06T02:24:34.5469815Z"
"node_modules\fs-extra\lib\move-sync\index.js","0BA99125DCCF6E55D9A7D0BCBCAE341A6187579F24AD0B63D15C0DADCE80CD7B","70","2026-10-06T02:24:34.5444753Z"
"node_modules\fs-extra\lib\move-sync\move-sync.js","43CA1ECE8C76D268DF3C58C7916C680779D0F4DB78E73A40B42197B90C510275","1199","2026-10-06T02:24:34.5454744Z"
"node_modules\fs-extra\lib\output\index.js","A27D1A72ED1ECDDFFC57E70187A4B72467ED0DD34092B7E3D2817B9F4359AB5D","947","2026-10-06T02:24:34.5495890Z"
"node_modules\fs-extra\lib\path-exists\index.js","5CE096C95DAEC0259817248921B39A9E0DF4D342DB171138CCB62440CC7A0CBE","263","2026-10-06T02:24:34.5505863Z"
"node_modules\fs-extra\lib\remove\index.js","DFF95C5640A0B4B769290126940A7683E0E6D29EC591DF63B7296712F81D9C56","165","2026-10-06T02:24:34.5516137Z"
"node_modules\fs-extra\lib\remove\rimraf.js","F8870393FDAB0EAEF548C4924DF02D15C7BCDAF4424C3B9E42B96CBDE3F27895","7673","2026-10-06T02:24:34.5531271Z"
"node_modules\fs-extra\lib\util\buffer.js","1CBAA4280F6BCE3714F2E276D551B252DE7C721A0F222F1A49E0FA429710151A","276","2026-10-06T02:24:34.5536314Z"
"node_modules\fs-extra\lib\util\stat.js","98E5FC36B4DBA1843E3DB169490EF7F19B5DB146D35B597A45D86C7CE8B52B6F","5700","2026-10-06T02:24:34.5546385Z"
"node_modules\fs-extra\lib\util\utimes.js","35541D309C85B8B6F0DAB9DBC5F93D7F7A3DB30FA41718655A9CB4BB5932FC93","2370","2026-10-06T02:24:34.5561441Z"
"node_modules\get-stream\buffer-stream.js","74502372F3E457AE4D05546C47B4FD88C8DF6ED8EB6166B6FEB8BEC1798EC6DC","894","2026-10-06T02:24:34.4064687Z"
"node_modules\get-stream\index.d.ts","60A338C686D0D8CA997BA072E955484008A401BFC4CBE8CCF62A46B03A8A6A50","3752","2026-10-06T02:24:34.4580531Z"
"node_modules\get-stream\index.js","80626386E94017E8950AB75791DA258C1165867E49187EBF8C9F77B3E1DA4478","1444","2026-10-06T02:24:34.4202793Z"
"node_modules\get-stream\license","5C932D88256B4AB958F64A856FA48E8BD1F55BC1D96B8149C65689E0C61789D3","1117","2026-10-06T02:24:34.3879158Z"
"node_modules\get-stream\package.json","588755F0A755A95AA4C4700DDACCA0DCF14D7F7FBEE309D117961AC7582DB890","858","2026-10-06T02:24:34.4344186Z"
"node_modules\get-stream\readme.md","ED2032F3EF125A4ACF690BCDF612889C72011490CEC5F8275A747A6CCF30BA76","4332","2026-10-06T02:24:34.4463608Z"
"node_modules\global-agent\.flowconfig","EDFAB7B4E1C77CF8045799A944D0918AC182EFDFB11149DD15F8D92712BF38A7","59","2026-10-06T02:24:34.3879158Z"
"node_modules\global-agent\bootstrap.js","48FA5C10CACA02A5DBEA1996B9C79BDA5FE0EACBB530F06AEC15D73C957A1099","37","2026-10-06T02:24:34.5424077Z"
"node_modules\global-agent\LICENSE","BA98E94118579117505F6F11FD9A4354C5E65ECE03B4898D8B8F7785EFCD25C1","1529","2026-10-06T02:24:34.4085866Z"
"node_modules\global-agent\package.json","38C6974657D21F089BA9B9F36A7FE39F0CAC3409A6E86C08959B370E40AE9CB1","2585","2026-10-06T02:24:34.5728244Z"
"node_modules\global-agent\README.md","F07381EC4C0763FA955ED4292239B38F36E7017A9F7D1D92BC7637F70108D4E2","10710","2026-10-06T02:24:34.5855361Z"
"node_modules\global-agent\dist\errors.js","FD3673D567802C3FCB59EB2A7946DB038A3FF3508F60D88DEB60F6A009C4B5D1","575","2026-10-06T02:24:34.5516137Z"
"node_modules\global-agent\dist\errors.js.flow","980006965ABF67B8B663DB2B46124EA016321C782EE12DCEDC3914F9502125FC","299","2026-10-06T02:24:34.4843375Z"
"node_modules\global-agent\dist\errors.js.map","846E08D706CDCD8A2EF8B973EED3B043738523E66EBF7E11A9637D468C2E8C6E","666","2026-10-06T02:24:34.5778356Z"
"node_modules\global-agent\dist\index.js","4FA1219B09D0E83623F9F6409E6932530AC7F87F8FA2DEEC77EE492CC7DE2A49","476","2026-10-06T02:24:34.5602160Z"
"node_modules\global-agent\dist\index.js.flow","F2A3B62D673A0134F7837BAB40C713930839C8EF2529CA733D8A8702F9759E63","100","2026-10-06T02:24:34.5223563Z"
"node_modules\global-agent\dist\index.js.map","582B5380333D530C7DD4AB360E858C8DB538A8FE647A2EA4325A8B52965E240D","240","2026-10-06T02:24:34.5813473Z"
"node_modules\global-agent\dist\Logger.js","52BCB65A186F567CFDAFEA817B7053D7B26679972E1441AECA7DCBD46ED96EE5","414","2026-10-06T02:24:34.5687906Z"
"node_modules\global-agent\dist\Logger.js.flow","931B6ACCEA2836F6406E3DCCABC9F920737F0C5EFC4A8043165DD5B82262EEE4","129","2026-10-06T02:24:34.5299012Z"
"node_modules\global-agent\dist\Logger.js.map","DDE762DA93F097CC1481DFE5FA50666F004070B7BE07AA9D188D447724EAC996","381","2026-10-06T02:24:34.5835294Z"
"node_modules\global-agent\dist\types.js","E206576AF44AC3D9EC0BD2D713886F44C8ADFB8D142D6CA96B2F0BBF954F5EDF","165","2026-10-06T02:24:34.5713120Z"
"node_modules\global-agent\dist\types.js.flow","0BDAAF99BFB4ABA718C3D52EA2ECCE4ADCFC3B4579ED05DB99C23A565FAD9B25","1567","2026-10-06T02:24:34.5325187Z"
"node_modules\global-agent\dist\types.js.map","F8D6B4CC787B4206CEDDA9A208733873DE9A7F25A6B0EEB42DF84840B46DF8D3","1765","2026-10-06T02:24:34.5845361Z"
"node_modules\global-agent\dist\classes\Agent.js","661807C170D5A796BD81E8632A6A6C85F2AB2A73D80211A882E4BA6A6BC5A69A","6510","2026-10-06T02:24:34.5345390Z"
"node_modules\global-agent\dist\classes\Agent.js.flow","C6DB64594B3382F6A0CC556A1272F74414AA84B5BB3001FA023E8240DD6F0C43","6762","2026-10-06T02:24:34.4288344Z"
"node_modules\global-agent\dist\classes\Agent.js.map","B63B9BE94E3F41FBDE9A979D1B3427C531B8B01ADA36A04442C54F41C6F03B1E","12450","2026-10-06T02:24:34.5738341Z"
"node_modules\global-agent\dist\classes\HttpProxyAgent.js","033B3E9672E635497BDEE5551AD6935CF3A8F64F48876D72B68940DF2F3EA395","905","2026-10-06T02:24:34.5536314Z"
"node_modules\global-agent\dist\classes\HttpProxyAgent.js.flow","41018D51D59CB7E03EC743408BBBA45B5B380D4AD1CB3C18039549FDD3FB58FF","733","2026-10-06T02:24:34.5141183Z"
"node_modules\global-agent\dist\classes\HttpProxyAgent.js.map","FBF0B80C69AC5543B73E08CC0642AABA49BE046351F3FCF8D6BC32D054ECA0D2","1479","2026-10-06T02:24:34.5788348Z"
"node_modules\global-agent\dist\classes\HttpsProxyAgent.js","29F72A0B3556E4235B17B71BB731F78C305A5D52E0C69C754A86C4DE97F09519","1542","2026-10-06T02:24:34.5561441Z"
"node_modules\global-agent\dist\classes\HttpsProxyAgent.js.flow","E0C7F0890F74745018DAC1094F59E54BEB1CD129DDF9ACBEBF54A2F848D37A52","1346","2026-10-06T02:24:34.5161549Z"
"node_modules\global-agent\dist\classes\HttpsProxyAgent.js.map","27AB24D452119FA0F0A60DD58EB437086434DCDF06B75799DAC2FEA8E4BEF2C8","2961","2026-10-06T02:24:34.5788348Z"
"node_modules\global-agent\dist\classes\index.js","FEF22654BA858ACD4FE1FF736FF944687A775D36335B941BF66CF3F74D90F9CF","814","2026-10-06T02:24:34.5586613Z"
"node_modules\global-agent\dist\classes\index.js.flow","59E25C33A11D69FC71BADE9E8C1F460E639D225298C5FE5C32E827CDF8809BB2","174","2026-10-06T02:24:34.5185776Z"
"node_modules\global-agent\dist\classes\index.js.map","7313B385A9D0668C4860703089A6C690D2C6179B8871D36D7C8FF068D0A298C4","338","2026-10-06T02:24:34.5803405Z"
"node_modules\global-agent\dist\factories\createGlobalProxyAgent.js","979E60B49C1FD9C32DF18D3C2054E11EA8D2696FD0880E711C3384635676FC4F","6002","2026-10-06T02:24:34.5454744Z"
"node_modules\global-agent\dist\factories\createGlobalProxyAgent.js.flow","D073BA8DD579B8F5949088C1001F95BC07288064CE16DB05DEFC9AA9EFAB878A","5715","2026-10-06T02:24:34.4740888Z"
"node_modules\global-agent\dist\factories\createGlobalProxyAgent.js.map","F5A8F24A6380C2A948763037A881C541C6F9105BA9B4715A85A9D66B1250402D","10697","2026-10-06T02:24:34.5768346Z"
"node_modules\global-agent\dist\factories\createProxyController.js","C9402AC700159C062FC9C7CD6F1465C25C120057D34E8A5564C339C5F510B360","1086","2026-10-06T02:24:34.5505863Z"
"node_modules\global-agent\dist\factories\createProxyController.js.flow","C79D2B4C0E1BACC080535A0A100B2EC8A9D35C69C7E32576B40B97822348FFF8","882","2026-10-06T02:24:34.4776142Z"
"node_modules\global-agent\dist\factories\createProxyController.js.map","5A4031361A7FD5FD26A695CB349F02945006F1BCBAADC8432A7EA1FB2F6A63E5","1976","2026-10-06T02:24:34.5778356Z"
"node_modules\global-agent\dist\factories\index.js","A86C6523092342EBF2A0A03953EF3C148DDDFF136A95F2E80793E0D1979F29DE","694","2026-10-06T02:24:34.5592077Z"
"node_modules\global-agent\dist\factories\index.js.flow","CE2C3C8EE8757D6798A951199B15FBC6647245AA429435028330433C0BC1A846","160","2026-10-06T02:24:34.5205789Z"
"node_modules\global-agent\dist\factories\index.js.map","FA88C7565B928200BDC8C4D97CC4C6E272F45E8D8A94CE5554CF695CFC5EF5AC","313","2026-10-06T02:24:34.5803405Z"
"node_modules\global-agent\dist\routines\bootstrap.js","3F52A3ECA7BDBD4C4206D8B8EA2E67CC290BAA362D7A384245A03DF85E36F3DD","759","2026-10-06T02:24:34.5434168Z"
"node_modules\global-agent\dist\routines\bootstrap.js.flow","6FA070C7C3B3A8940D2AEECCDE4E9FDEDFF2AE934EF7C0B359B083464694BA2B","550","2026-10-06T02:24:34.4620835Z"
"node_modules\global-agent\dist\routines\bootstrap.js.map","EBB905F1BD5979B76338F5548E23E1E49B26624257881DE54341F36C69B64A84","1076","2026-10-06T02:24:34.5758366Z"
"node_modules\global-agent\dist\routines\index.js","F1C8A486540738290A598BA3ADAB2891E1AB6FA5516453647BECE6E1C03286DD","402","2026-10-06T02:24:34.5607192Z"
"node_modules\global-agent\dist\routines\index.js.flow","1220A0CC9ABF3D4E83F129AFD1357C428C4FA2B8D9F3214567B8A0A841E27DC1","60","2026-10-06T02:24:34.5233631Z"
"node_modules\global-agent\dist\routines\index.js.map","2DE6286025450EC84E467DDD645E85007BBEEC629D08CC0000B467A9B2D7D65D","199","2026-10-06T02:24:34.5813473Z"
"node_modules\global-agent\dist\utilities\bindHttpMethod.js","592D1454D756A696D0ABC47C2733C2F3E39C594BF8D350A3F89589B687F473B0","1479","2026-10-06T02:24:34.5390606Z"
"node_modules\global-agent\dist\utilities\bindHttpMethod.js.flow","462867E00C9789E6BAAF14444BEBF892630687598F4BF1DF871300EAFCA3006D","1197","2026-10-06T02:24:34.4483786Z"
"node_modules\global-agent\dist\utilities\bindHttpMethod.js.map","130B8C5BAFB48FF310AF203125D222B91D94587761D5FC2FD19BA64FBC7B0AAD","2634","2026-10-06T02:24:34.5748345Z"
"node_modules\global-agent\dist\utilities\index.js","EF7F1952A0C7ED81830396D9A659D9FA28E170750FABC6B0B4991F9191CDD08B","866","2026-10-06T02:24:34.5617726Z"
"node_modules\global-agent\dist\utilities\index.js.flow","61DD35A33F2A78B44180FA3B85E6FE101A22D7ED39795E602B7ECE12592D72FD","200","2026-10-06T02:24:34.5248716Z"
"node_modules\global-agent\dist\utilities\index.js.map","EA7B5A5198BDB45E52EC13EA67D79F98FD8C2E6A3978335081901FFD520434AA","366","2026-10-06T02:24:34.5813473Z"
"node_modules\global-agent\dist\utilities\isUrlMatchingNoProxy.js","329ACD0AFC6E8DE4C1F80158670BD5B577E7FCBBE259AB10D7C1772009A4B99E","1341","2026-10-06T02:24:34.5677890Z"
"node_modules\global-agent\dist\utilities\isUrlMatchingNoProxy.js.flow","3C9AF9D81A3C55938D2C190CC369A2B9B4B8ED96F7A0FE399885B9F9BA327945","1022","2026-10-06T02:24:34.5283934Z"
"node_modules\global-agent\dist\utilities\isUrlMatchingNoProxy.js.map","456D7ECE5EFDA22ECCB7B2E0DA3413AE588E1A1C9CF0A324537FCA13A4402FC5","2208","2026-10-06T02:24:34.5835294Z"
"node_modules\global-agent\dist\utilities\parseProxyUrl.js","C5EA38B5BC8E53E033E1EA3BA67B7B59849C10EE98E811AFF1432F751C5EBC6D","1065","2026-10-06T02:24:34.5703070Z"
"node_modules\global-agent\dist\utilities\parseProxyUrl.js.flow","56435CB79665BB8D64F4690E26577CBEB0DB584CDE367FAD6832D42C1CCF1CE0","874","2026-10-06T02:24:34.5304448Z"
"node_modules\global-agent\dist\utilities\parseProxyUrl.js.map","F4A6888B35E7485FFBB12B66FA4CE57A1D12F935EB42A3D5A838C22003E9D9BC","1803","2026-10-06T02:24:34.5845361Z"
"node_modules\global-agent\node_modules\.bin\semver","77EF070B2790156C37DD77EFD5D0CF54FBFF85D9C1ADABC890948192CD2B2639","389","2026-10-06T02:24:34.5954047Z"
"node_modules\global-agent\node_modules\.bin\semver.cmd","3FA2710C6522669C2253EDBD465CCF4C58D0D29E0EFF3337D7900CD4E5CEC7AC","325","2026-10-06T02:24:34.5954047Z"
"node_modules\global-agent\node_modules\.bin\semver.ps1","1E1355D1AAF2A75275F9D884DBCD2F1C713D4ADA1782FE8370BC21DB6AEDBC31","805","2026-10-06T02:24:34.5954047Z"
"node_modules\global-agent\node_modules\semver\index.js","4B3E57D3D40E29E0706002EBA113D09F35AEA593578376BBEEC83B777B9912AB","2691","2026-10-06T02:24:34.5304448Z"
"node_modules\global-agent\node_modules\semver\LICENSE","4EC3D4C66CD87F5C8D8AD911B10F99BF27CB00CDFCFF82621956E379186B016B","765","2026-10-06T02:24:34.3905060Z"
"node_modules\global-agent\node_modules\semver\package.json","7C94CB7F2A53C27B20D76386EC144C062894DBCC909CFABD0F728C37874B1776","1661","2026-10-06T02:24:34.5627769Z"
"node_modules\global-agent\node_modules\semver\preload.js","EDB6808911BEBCB324B2DF57E5C9935149E56984FF083B74C6CFE215F5B710BA","83","2026-10-06T02:24:34.5495890Z"
"node_modules\global-agent\node_modules\semver\range.bnf","15D0BAF9B7B98E6D862C0CB9E822D2533D2BC23E136BB75314D802CA1FCB0392","702","2026-10-06T02:24:34.4112589Z"
"node_modules\global-agent\node_modules\semver\README.md","F1A789DCEC285150BE24DB2EA04DD3175031554FA9834EC92FAB83FB5E025A57","25669","2026-10-06T02:24:34.5637809Z"
"node_modules\global-agent\node_modules\semver\bin\semver.js","BD6C871026985937DC945011FC54B74B47F5998154216D7B8D40D5ED782E4402","4957","2026-10-06T02:24:34.5556379Z"
"node_modules\global-agent\node_modules\semver\classes\comparator.js","054202956430D63D5FF4599FAE09760CE465B489E4F0B5EF5CE7CC7AC21157AC","3631","2026-10-06T02:24:34.4605627Z"
"node_modules\global-agent\node_modules\semver\classes\index.js","3BB69280C2A788D0EB16F915BB9DF4DBE812075182024C753DCA2283BCEA1B17","143","2026-10-06T02:24:34.5283934Z"
"node_modules\global-agent\node_modules\semver\classes\range.js","A6544485AA8575AA9854C67E2CAA67726815DE18A482D0CEB8A1003244DE3BC1","15647","2026-10-06T02:24:34.5516137Z"
"node_modules\global-agent\node_modules\semver\classes\semver.js","813B2C185512D30C9B931C2FED8140889D9D7490CEEEEDC370DA30337DC8CA57","9891","2026-10-06T02:24:34.5561441Z"
"node_modules\global-agent\node_modules\semver\functions\clean.js","4EADB0892844CF3AE295121A86163A66C73F89ACD1B7F0B114EC115B4539512F","205","2026-10-06T02:24:34.4278327Z"
"node_modules\global-agent\node_modules\semver\functions\cmp.js","A63D74E87B73788E78E9CE0A4892B5333D6B809C0DE88B31E4ED76CBF17F94B3","961","2026-10-06T02:24:34.4404443Z"
"node_modules\global-agent\node_modules\semver\functions\coerce.js","28A251C5AB210DDF9E97551B9F37A53329FCCE91F0C3943DCBC02DE1A1DE915A","2004","2026-10-06T02:24:34.4534047Z"
"node_modules\global-agent\node_modules\semver\functions\compare-build.js","5AB651D5B40AF289BD85C645A92B6D8CFE1A986DC413C797CFCC8D623D7C844C","281","2026-10-06T02:24:34.4646077Z"
"node_modules\global-agent\node_modules\semver\functions\compare-loose.js","07B6A3A1DB0A5210CEB784C1708BD4679F3A94FC73A9C9EB349349E7070A6F78","132","2026-10-06T02:24:34.4706965Z"
"node_modules\global-agent\node_modules\semver\functions\compare.js","D404B5AA48AADDC8A654C5DA8FB7D4443404B7948589B21AC4B045D1CEE4E34C","170","2026-10-06T02:24:34.4766078Z"
"node_modules\global-agent\node_modules\semver\functions\diff.js","7A11FD39B987CDF06C65E928CB1ACA49BEC583FEB86FB5C8FE47A6FD61D7DE31","1423","2026-10-06T02:24:34.5156270Z"
"node_modules\global-agent\node_modules\semver\functions\eq.js","B6E30A7168E52723216FC163D300E2BBABF92EC0251F9AC5438BB6CCF57C8936","126","2026-10-06T02:24:34.5175719Z"
"node_modules\global-agent\node_modules\semver\functions\gt.js","135523704AA48CD98834DD170EE9F74F0E68043B379F32D021DB11E6304C5C93","124","2026-10-06T02:24:34.5185776Z"
"node_modules\global-agent\node_modules\semver\functions\gte.js","991C5BBE48ECB210A562646872F05862AD9FC0D42186D85AA60BDC6FA323EB9D","127","2026-10-06T02:24:34.5205789Z"
"node_modules\global-agent\node_modules\semver\functions\inc.js","952069FC8690B7D3AF0FE9D55F7C54FE2AC067B48C5E74F6A54F9CE19A334493","478","2026-10-06T02:24:34.5258786Z"
"node_modules\global-agent\node_modules\semver\functions\lt.js","1C897A9BC849320E2E9DC0F6C09555C01EE3DDF30734515D717B88AD7740EA25","124","2026-10-06T02:24:34.5345390Z"
"node_modules\global-agent\node_modules\semver\functions\lte.js","3A8D0B1D00423F60CC7CB810B36AB77B61330831AD237DBE73EB5CECFA412800","127","2026-10-06T02:24:34.5355509Z"
"node_modules\global-agent\node_modules\semver\functions\major.js","5C678480D882F511200FED2C16EC3847DFEDB08A1D70328DC2F031D35D825276","136","2026-10-06T02:24:34.5380544Z"
"node_modules\global-agent\node_modules\semver\functions\minor.js","1B051794F1713ADEC2A236517196691687C35F82E0B596FF3316A78B3CC10AE6","136","2026-10-06T02:24:34.5434168Z"
"node_modules\global-agent\node_modules\semver\functions\neq.js","A662883751918822C162183B46B9E20D09489132F82686C92AB78BEE67F3A127","128","2026-10-06T02:24:34.5444753Z"
"node_modules\global-agent\node_modules\semver\functions\parse.js","29A69E15B6D02FE381D573F861881A89590E9D0F0F0CA740C5F85EAF0234C4AD","331","2026-10-06T02:24:34.5464748Z"
"node_modules\global-agent\node_modules\semver\functions\patch.js","F02D3C1B059FE3D96CE124886F7EEF321D381A95638FD3C4A8D5CCD8E76FFADD","136","2026-10-06T02:24:34.5469815Z"
"node_modules\global-agent\node_modules\semver\functions\prerelease.js","BAEDBF503D5610AD041BFB56071EFA48FEB331CA278295C399537D35D3FFB593","234","2026-10-06T02:24:34.5505863Z"
"node_modules\global-agent\node_modules\semver\functions\rcompare.js","84FA5E88ADF08D15C993CAC8CDEC6D1A65045B7E95A9C55184230A7F807F4DC0","132","2026-10-06T02:24:34.5516137Z"
"node_modules\global-agent\node_modules\semver\functions\rsort.js","6EC659CE3B6C2B173C719286CAAB04409ADBA046C0917874EC3B5E36DDFBC7E3","163","2026-10-06T02:24:34.5536314Z"
"node_modules\global-agent\node_modules\semver\functions\satisfies.js","8CF5E122B757251671ED6C9D9680904B71CD375845853F05312E608CF2CC2946","247","2026-10-06T02:24:34.5546385Z"
"node_modules\global-agent\node_modules\semver\functions\sort.js","C2FE2D3ED0BE8A4E9DE8F02ABDFD5D9C0D3BCC510D88E87AF84185592882C4B8","161","2026-10-06T02:24:34.5586613Z"
"node_modules\global-agent\node_modules\semver\functions\truncate.js","E145833A250311927C92F424F56498C52F1B7BB1271CE6AFBF006DB87773FF43","1021","2026-10-06T02:24:34.5612364Z"
"node_modules\global-agent\node_modules\semver\functions\valid.js","0DE7EA736CB7807179D46DFAC09C830A9338E02B6A07DB12D7040CDE2DEF6025","176","2026-10-06T02:24:34.5617726Z"
"node_modules\global-agent\node_modules\semver\internal\constants.js","38A112BAF27CECA0260082FF26AC2FD7A9861CAB1AF12DD65E720277F68E6CE9","873","2026-10-06T02:24:34.4826529Z"
"node_modules\global-agent\node_modules\semver\internal\debug.js","8A9F420572260F3CF944463B5090D62A60F0730589DC23A7EC4CA25E2EE41BB3","240","2026-10-06T02:24:34.5128057Z"
"node_modules\global-agent\node_modules\semver\internal\identifiers.js","B4916B09DC7869AE0EB05E71C855C942A3A7365F7E6E89185D59A9E45A2451D7","525","2026-10-06T02:24:34.5248716Z"
"node_modules\global-agent\node_modules\semver\internal\lrucache.js","14D087C87DA87B6F5C36FC4CDD7D2D14077874B14A68E20FCE5B6138FA2CA34F","802","2026-10-06T02:24:34.5335288Z"
"node_modules\global-agent\node_modules\semver\internal\parse-options.js","FDF51D0DE8D5442C35A997EF58CD530D239CE206F961D14C5121354451B01D01","338","2026-10-06T02:24:34.5454744Z"
"node_modules\global-agent\node_modules\semver\internal\re.js","5833262888E2B5D843A69193F83C05E374818DBE55379B497819B5BF58E48CD8","8139","2026-10-06T02:24:34.5531271Z"
"node_modules\global-agent\node_modules\semver\ranges\gtr.js","8FADAD28E36D28E93D498AC7AC20BADBA2A407312845EABC18E82E90A0732B19","231","2026-10-06T02:24:34.5233631Z"
"node_modules\global-agent\node_modules\semver\ranges\intersects.js","FE87AC5D3020010AD3EC00636DADBF0C669FF07D0F57E0A8165A8264F79A676F","224","2026-10-06T02:24:34.5319731Z"
"node_modules\global-agent\node_modules\semver\ranges\ltr.js","E5186FCC03018ACF9BE6D968755D4C49727AEB0D981D179EB568AE5FBE983038","227","2026-10-06T02:24:34.5365499Z"
"node_modules\global-agent\node_modules\semver\ranges\max-satisfying.js","E1A2C0D6144CC772CD20BBC8ECB9E8A3A4074E9172A3D8E794838B591CDEB416","593","2026-10-06T02:24:34.5393848Z"
"node_modules\global-agent\node_modules\semver\ranges\min-satisfying.js","2681ABF54098AA670F12826B76A6EC77A2441186AE4243AFDE3BE8AE4908F7CA","591","2026-10-06T02:24:34.5403938Z"
"node_modules\global-agent\node_modules\semver\ranges\min-version.js","FEFBA0A88C2BF74D5CEDE504B5AE50A8DC3EDFD69CF0174A491E2CF3E442614B","1514","2026-10-06T02:24:34.5409013Z"
"node_modules\global-agent\node_modules\semver\ranges\outside.js","3A2B0B23593D2F49419C06AF2AF75450CAB103B0C25D665D48FE5BCA495A21CA","2204","2026-10-06T02:24:34.5444753Z"
"node_modules\global-agent\node_modules\semver\ranges\simplify.js","7B78581C13322BC68ECE2088685386B2A9B51C15B94D0A2063BDF2546BD41934","1355","2026-10-06T02:24:34.5571505Z"
"node_modules\global-agent\node_modules\semver\ranges\subset.js","CEB9EB6ED5BFC6C7AC7AF7F47E5C3535444A4E66A0E2B58CDAD4BD02A35D454D","7478","2026-10-06T02:24:34.5592077Z"
"node_modules\global-agent\node_modules\semver\ranges\to-comparators.js","6C5E966210CFF270FA2850668AAF8460FAC7759F8D99F282521EF7A78F4564E9","282","2026-10-06T02:24:34.5607192Z"
"node_modules\global-agent\node_modules\semver\ranges\valid.js","5EF6F995AF801868925940CF8DF5735D565EBABB090B068695CAE65218BCD3AC","326","2026-10-06T02:24:34.5627769Z"
"node_modules\global-agent\src\errors.js","980006965ABF67B8B663DB2B46124EA016321C782EE12DCEDC3914F9502125FC","299","2026-10-06T02:24:34.5531271Z"
"node_modules\global-agent\src\index.js","F2A3B62D673A0134F7837BAB40C713930839C8EF2529CA733D8A8702F9759E63","100","2026-10-06T02:24:34.5637809Z"
"node_modules\global-agent\src\Logger.js","931B6ACCEA2836F6406E3DCCABC9F920737F0C5EFC4A8043165DD5B82262EEE4","129","2026-10-06T02:24:34.5697994Z"
"node_modules\global-agent\src\types.js","0BDAAF99BFB4ABA718C3D52EA2ECCE4ADCFC3B4579ED05DB99C23A565FAD9B25","1567","2026-10-06T02:24:34.5713120Z"
"node_modules\global-agent\src\classes\Agent.js","C6DB64594B3382F6A0CC556A1272F74414AA84B5BB3001FA023E8240DD6F0C43","6762","2026-10-06T02:24:34.5375480Z"
"node_modules\global-agent\src\classes\HttpProxyAgent.js","41018D51D59CB7E03EC743408BBBA45B5B380D4AD1CB3C18039549FDD3FB58FF","733","2026-10-06T02:24:34.5546385Z"
"node_modules\global-agent\src\classes\HttpsProxyAgent.js","E0C7F0890F74745018DAC1094F59E54BEB1CD129DDF9ACBEBF54A2F848D37A52","1346","2026-10-06T02:24:34.5571505Z"
"node_modules\global-agent\src\classes\index.js","59E25C33A11D69FC71BADE9E8C1F460E639D225298C5FE5C32E827CDF8809BB2","174","2026-10-06T02:24:34.5617726Z"
"node_modules\global-agent\src\factories\createGlobalProxyAgent.js","D073BA8DD579B8F5949088C1001F95BC07288064CE16DB05DEFC9AA9EFAB878A","5715","2026-10-06T02:24:34.5495890Z"
"node_modules\global-agent\src\factories\createProxyController.js","C79D2B4C0E1BACC080535A0A100B2EC8A9D35C69C7E32576B40B97822348FFF8","882","2026-10-06T02:24:34.5505863Z"
"node_modules\global-agent\src\factories\index.js","CE2C3C8EE8757D6798A951199B15FBC6647245AA429435028330433C0BC1A846","160","2026-10-06T02:24:34.5627769Z"
"node_modules\global-agent\src\routines\bootstrap.js","6FA070C7C3B3A8940D2AEECCDE4E9FDEDFF2AE934EF7C0B359B083464694BA2B","550","2026-10-06T02:24:34.5444753Z"
"node_modules\global-agent\src\routines\index.js","1220A0CC9ABF3D4E83F129AFD1357C428C4FA2B8D9F3214567B8A0A841E27DC1","60","2026-10-06T02:24:34.5667892Z"
"node_modules\global-agent\src\utilities\bindHttpMethod.js","462867E00C9789E6BAAF14444BEBF892630687598F4BF1DF871300EAFCA3006D","1197","2026-10-06T02:24:34.5409013Z"
"node_modules\global-agent\src\utilities\index.js","61DD35A33F2A78B44180FA3B85E6FE101A22D7ED39795E602B7ECE12592D72FD","200","2026-10-06T02:24:34.5677890Z"
"node_modules\global-agent\src\utilities\isUrlMatchingNoProxy.js","3C9AF9D81A3C55938D2C190CC369A2B9B4B8ED96F7A0FE399885B9F9BA327945","1022","2026-10-06T02:24:34.5687906Z"
"node_modules\global-agent\src\utilities\parseProxyUrl.js","56435CB79665BB8D64F4690E26577CBEB0DB584CDE367FAD6832D42C1CCF1CE0","874","2026-10-06T02:24:34.5713120Z"
"node_modules\globalthis\.eslintrc","CD5D0EFDB0A3B3CDC62EE7F4802B65FC547C880B242F1AC8DA656E9042A80B1B","192","2026-10-06T02:24:34.3853497Z"
"node_modules\globalthis\.nycrc","A9F4D73A4F71C06A47FA07BF652938D90F174968F134D252FFFD85DC0DA60575","149","2026-10-06T02:24:34.4059370Z"
"node_modules\globalthis\auto.js","8A28142FDC864763727D7CFE6A19B5DBCDF5E1861207BD2C122082336A6C3221","36","2026-10-06T02:24:34.4344186Z"
"node_modules\globalthis\CHANGELOG.md","3B2FBD23FF47D349303C7A15475B4BDEDEBC929467381347295060876D14E4E4","11885","2026-10-06T02:24:34.5218511Z"
"node_modules\globalthis\implementation.browser.js","7549E9F274D96F25BC20CBD098417124D87224BBC8CF47C431D018D3FEC81C42","254","2026-10-06T02:24:34.4458553Z"
"node_modules\globalthis\implementation.js","D8C28DA71C97B9076A28C3A7AFE277D85E36B73DC4EE65EADF34F7761855530D","40","2026-10-06T02:24:34.4555412Z"
"node_modules\globalthis\index.js","2FD9161DBAC0C3C51417BF7B4EFD33507D33C6BE827A9F7104E03360957BCE19","408","2026-10-06T02:24:34.4676995Z"
"node_modules\globalthis\LICENSE","ACFAF437865D82F0FA9B9CDCAE8B550BED8D011ADAA5B42D973191CAF99F62A8","1081","2026-10-06T02:24:34.4202793Z"
"node_modules\globalthis\package.json","B0417292023B26946DDBFEF45CBA32974B744FD65297D37367A97649210493CB","2463","2026-10-06T02:24:34.5195776Z"
"node_modules\globalthis\polyfill.js","5EE48A1156AD2B2E8E84DEF305AAE470BF211BECB4AFFF96D5A289484A7A0446","251","2026-10-06T02:24:34.4826529Z"
"node_modules\globalthis\README.md","6EBA9E109A6A14B36352A33ADAF8EEAA037A836650C7649414D8F6EDC1D7840A","2716","2026-10-06T02:24:34.5233631Z"
"node_modules\globalthis\shim.js","B030D81C12F39DA250DEEF6DFC823A7BE10C2DFB09722CFC2BB097BC810D13AB","715","2026-10-06T02:24:34.5128057Z"
"node_modules\globalthis\test\implementation.js","544295645BED89988D1BA030986ACE19909C78A6CB8601C890C29A7873BF6A00","213","2026-10-06T02:24:34.4630918Z"
"node_modules\globalthis\test\index.js","F01F0FDCF6532410B85C69CE0770B3930A165B7F96FF5E949B123BAAF8C9FF94","196","2026-10-06T02:24:34.4745932Z"
"node_modules\globalthis\test\native.js","F71BB8FC978500746430E6E6636C93D5AD28C00E2CCCF2F966F52D2FC3656411","767","2026-10-06T02:24:34.4786143Z"
"node_modules\globalthis\test\shimmed.js","0B580AF37DB378D21C2D2886A33D0A6E6C6B397B326FB750D49DFC3011CD7E07","900","2026-10-06T02:24:34.5161549Z"
"node_modules\globalthis\test\tests.js","D39863FE4AD1CEDEFF97FC24CF78A2F750D642CFA567E7901ED6110327FD7E96","1399","2026-10-06T02:24:34.5175719Z"
"node_modules\gopd\.eslintrc","F441CE02CF8246250BE17C235FC77A2F674A6E538847C3C8B0639377EFB253E8","224","2026-10-06T02:24:34.3853497Z"
"node_modules\gopd\CHANGELOG.md","ABA458BFC8C4BDC9CFDC3B2E879D5820B0D03950BCEFCAAAAC3620DAD727283B","3077","2026-10-06T02:24:34.4676995Z"
"node_modules\gopd\gOPD.d.ts","DD965F7C0C2AA6F08E154A854D004141AB769C1B981037E1CB48E753C1E764E1","42","2026-10-06T02:24:34.4786143Z"
"node_modules\gopd\gOPD.js","48A04DCB3FB5CCCB6C8541A3A8227B8D9F881EA3FFEF3177AC4BB0338556B839","97","2026-10-06T02:24:34.4202793Z"
"node_modules\gopd\index.d.ts","395AA7E2C154E81A0D7E20F2732369E4C875C3F23336B270A3DB75CA3019C64E","173","2026-10-06T02:24:34.4826529Z"
"node_modules\gopd\index.js","8F8092EE3AAA2932A71E9F264A9B273DC33F7C52F4CDB0815956FCCF80230D8C","206","2026-10-06T02:24:34.4344186Z"
"node_modules\gopd\LICENSE","D90BF0A089DA4CF43D644ED240A0B3825DCDB705E64E38371D56995A4CC9E4C5","1071","2026-10-06T02:24:34.4059370Z"
"node_modules\gopd\package.json","33ACE32DC861F6DA9D1FD9D0A44C66E8C6FF3B13358D070683C1C2978FF5F19F","2070","2026-10-06T02:24:34.4570465Z"
"node_modules\gopd\README.md","A5ADDA11EB1B5C4A225289CCC2E1F01BDC27E1635B85039AD327EC37082AD3D4","1562","2026-10-06T02:24:34.4761035Z"
"node_modules\gopd\tsconfig.json","6346EE4C020F341387588479DD83740A65AB902A462B8C6B3B8BF51F032C6795","116","2026-10-06T02:24:34.4620835Z"
"node_modules\gopd\.github\FUNDING.yml","14A29231A020201285CEC832F4D4C90B7296BC45F9117E3F2A28C5E51A430CAE","575","2026-10-06T02:24:34.5141183Z"
"node_modules\gopd\test\index.js","09DC70D20FA4D40C2749508868750A0D677D7C2B472A7D984271134B7AF76D42","656","2026-10-06T02:24:34.4478728Z"
"node_modules\got\license","48DA2F39E100D4085767E94966B43F4FA95FF6A0698FBA57ED460914E35F94A0","1109","2026-10-06T02:24:34.3863538Z"
"node_modules\got\package.json","48233E01876E5114699A823CD53C597A9C3A3510C3223350C5CB19CBC9E3F251","2852","2026-10-06T02:24:34.5444753Z"
"node_modules\got\readme.md","D145DA1303F04CCFFB0BF1144F46F8F02D411DBC4699EE6C79C8B3201EFF8382","86361","2026-10-06T02:24:34.5469815Z"
"node_modules\got\dist\source\create.d.ts","B3E3394B5FFA583518ACE1099D5DF14CB887EC1578A023116FAC4A35480D2B38","227","2026-10-06T02:24:34.5505863Z"
"node_modules\got\dist\source\create.js","BBC4B39FF598DEA98AC353B0B0D5DA814B668D7CBB49E5410EE4A6CB0F5AACD8","9788","2026-10-06T02:24:34.4620835Z"
"node_modules\got\dist\source\index.d.ts","AC3459D91154275B1CD916F265D0151FC4A4A3B3701B1C58CB7C32EA48A7AAEC","118","2026-10-06T02:24:34.5586613Z"
"node_modules\got\dist\source\index.js","BD013EA2C1E2809A951D6C95B9B9309180D5F5FBDC9C1952D45E2643E24A955B","4242","2026-10-06T02:24:34.5233631Z"
"node_modules\got\dist\source\types.d.ts","2A170864CC9F4E859E5D89C78B87758F431A9A0BB2D544207FC80CEDAA0CD318","14091","2026-10-06T02:24:34.5677890Z"
"node_modules\got\dist\source\types.js","D43AA81F5BC89FAA359E0F97C814BA25155591FF078FBB9BFD40F8C7C9683230","77","2026-10-06T02:24:34.5390606Z"
"node_modules\got\dist\source\as-promise\create-rejection.d.ts","9CA20C6175C94FF8011E1048AD38D15C183587180B7D83532EB1C911189085F8","203","2026-10-06T02:24:34.5495890Z"
"node_modules\got\dist\source\as-promise\create-rejection.js","ABF8900FBD2BF8D56EDE49D8B47751AC34079FF2EC9D6A53E5F516543446F568","975","2026-10-06T02:24:34.4463608Z"
"node_modules\got\dist\source\as-promise\index.d.ts","576EC53C444ADAC3B7725CED6240DE54A04183791FE9D7CC880DE11411114FF2","187","2026-10-06T02:24:34.5556379Z"
"node_modules\got\dist\source\as-promise\index.js","AB914000BDEC3EC47904C3DE21D9201B64505178592EE643F35520A9EEFD5BB8","7984","2026-10-06T02:24:34.5175719Z"
"node_modules\got\dist\source\as-promise\normalize-arguments.d.ts","E56058BEC9C97A81DFD2A45DC3B1A757CB099BCF846241CC7B04E8C585B3B917","208","2026-10-06T02:24:34.5612364Z"
"node_modules\got\dist\source\as-promise\normalize-arguments.js","1345A4901604204E9F952145914204F31C1719B954E1C6630A595F1402C87D01","3252","2026-10-06T02:24:34.5299012Z"
"node_modules\got\dist\source\as-promise\parse-body.d.ts","4C0FC286033F886BBAE3C56378E5E7D4A9500CE8BFABEFA1EDCDCCC11B630D37","348","2026-10-06T02:24:34.5617726Z"
"node_modules\got\dist\source\as-promise\parse-body.js","86E0C310C3A43D6CF24575E6393372A1641F6805324C025BA19267F043E55AED","794","2026-10-06T02:24:34.5325187Z"
"node_modules\got\dist\source\as-promise\types.d.ts","2C0D8C9CDEA4F41F395B91F722EA0A18451C173EAD39DF01E4D4E82B80D26CFF","9466","2026-10-06T02:24:34.5667892Z"
"node_modules\got\dist\source\as-promise\types.js","FB577A84DAD7529E2D77D2E9FC523A08607E8F5633DC72CA76923CDF9979F565","1595","2026-10-06T02:24:34.5375480Z"
"node_modules\got\dist\source\core\calculate-retry-delay.d.ts","CAA00D46826D6E0C7B4318B2093C88A75FA973B737DAC2D3380877D428E3DA0F","297","2026-10-06T02:24:34.5495890Z"
"node_modules\got\dist\source\core\calculate-retry-delay.js","F8AA1D59DDA2672F0AFF7B3652F121299828F9E7B0428218D30C359F46052720","1123","2026-10-06T02:24:34.4166761Z"
"node_modules\got\dist\source\core\index.d.ts","ECA6A6C1E2DA298C7127F52674F041E79BE1755FBAC98F5796887ED793818D74","42789","2026-10-06T02:24:34.5571505Z"
"node_modules\got\dist\source\core\index.js","66719545130EBB4D4091E9BD211EBFEC1CA3DF31E260C18191A3C67F72A1227A","64811","2026-10-06T02:24:34.5218511Z"
"node_modules\got\dist\source\core\utils\dns-ip-version.d.ts","01856D31C900D93D280293D98EC9CA9BE4991AB3ACD3216BF985513EBA3544B8","290","2026-10-06T02:24:34.5536314Z"
"node_modules\got\dist\source\core\utils\dns-ip-version.js","77B5DA5C6D7A825ECD6A6B1387CC4D09730D14180348C2B5F11AF0EDE60EE681","542","2026-10-06T02:24:34.4838323Z"
"node_modules\got\dist\source\core\utils\get-body-size.d.ts","297A59691129FCAE86BFB3F06DEEAF46E5ABD96D4722D5A00C846068CF162D1C","178","2026-10-06T02:24:34.5536314Z"
"node_modules\got\dist\source\core\utils\get-body-size.js","7C90998439BEE1938AC482650762053DD90C9E492D5D0CBEB94EFE3BA4A1A5E4","944","2026-10-06T02:24:34.5141183Z"
"node_modules\got\dist\source\core\utils\get-buffer.d.ts","9B7C55D0CA28C4C2127F4DA6AABA90F7338E41906E8170D336BBC03F659F667D","156","2026-10-06T02:24:34.5546385Z"
"node_modules\got\dist\source\core\utils\get-buffer.js","44A81F4B5A414242662EA3509708A0B9C1577E2B671A45D014919C1082934426","498","2026-10-06T02:24:34.5161549Z"
"node_modules\got\dist\source\core\utils\is-form-data.d.ts","99A531901EA6993742A3256466DBDB2548725F3E949B2970FDD156C40928918A","305","2026-10-06T02:24:34.5602160Z"
"node_modules\got\dist\source\core\utils\is-form-data.js","891C31A5A6380FACD36A06FF615E529EC194351B4CC0006B03BE8B6F7468E282","222","2026-10-06T02:24:34.5258786Z"
"node_modules\got\dist\source\core\utils\is-response-ok.d.ts","271C9164013F7AD5B9ABA17E7694E84E3E1CB8CE41B6CA1FC0DF2CF034B6EFDF","99","2026-10-06T02:24:34.5607192Z"
"node_modules\got\dist\source\core\utils\is-response-ok.js","FA04D12C53A63376192EA1C35E801715FE1C46F620300F2ED432BDE0DFFA6C44","355","2026-10-06T02:24:34.5283934Z"
"node_modules\got\dist\source\core\utils\options-to-url.d.ts","8D12345AEE8DEDECECA587BB31701273A3088BA4F83E866CDFA26A05B3F36A13","357","2026-10-06T02:24:34.5617726Z"
"node_modules\got\dist\source\core\utils\options-to-url.js","D55A64F9CC089FC0AF0D93C18194845E93F4E63AA71C2B54036B883EE8DF9C93","1724","2026-10-06T02:24:34.5304448Z"
"node_modules\got\dist\source\core\utils\proxy-events.d.ts","5FE848D5699DA88375FC3C128120DFD47694EE16101F2D6816BC19986FADF80A","164","2026-10-06T02:24:34.5627769Z"
"node_modules\got\dist\source\core\utils\proxy-events.js","699490B7558DF745E6249617E56E2EA612A50267670ECD2E17D83C2D884F6466","442","2026-10-06T02:24:34.5345390Z"
"node_modules\got\dist\source\core\utils\timed-out.d.ts","E40F22EF14CA35F5019E16F852366D0880E42E955C03CC25DA2ABE689EEF679C","865","2026-10-06T02:24:34.5637809Z"
"node_modules\got\dist\source\core\utils\timed-out.js","FB5F60AE11C884D6FECEB6269E6649BC86AB66D36F3AD81F135D267A4AB2B5DC","4779","2026-10-06T02:24:34.5365499Z"
"node_modules\got\dist\source\core\utils\unhandle.d.ts","B176810D21A2B95C8EC734E4CE0DE91143099B325F1BB3A581DF1FD28654384F","365","2026-10-06T02:24:34.5687906Z"
"node_modules\got\dist\source\core\utils\unhandle.js","22258197FB20C19D52DB488EE5D4207DF9E93012AF64F31DCDB71D541BC4D313","794","2026-10-06T02:24:34.5403938Z"
"node_modules\got\dist\source\core\utils\url-to-options.d.ts","D30FB67BB6306148DCF37849DDE3A60DAEB143FAF771CB190D0824016B215DA4","397","2026-10-06T02:24:34.5687906Z"
"node_modules\got\dist\source\core\utils\url-to-options.js","2495FF45CA39C369C96DF25E976A8111B4D827A98DB621F3D8097C01BE994173","810","2026-10-06T02:24:34.5409013Z"
"node_modules\got\dist\source\core\utils\weakable-map.d.ts","8A25F1E1AEDE48B5B0DCD8178A6F95AC04BE97809CE0B2920BB42254435B2FBF","223","2026-10-06T02:24:34.5697994Z"
"node_modules\got\dist\source\core\utils\weakable-map.js","BF031EBC53CD5767FA32A549E30D062B30DFD5EEA0B122B64F868E685560264B","698","2026-10-06T02:24:34.5434168Z"
"node_modules\got\dist\source\utils\deep-freeze.d.ts","2FC8D71567194DF1635C66F21815C7FCDF215B3E1249A8DD10EC07C207CDC4BC","91","2026-10-06T02:24:34.5516137Z"
"node_modules\got\dist\source\utils\deep-freeze.js","3843AF637BA905EF10560C15AA1F2C0549B2088D8D62FA464CF751A73C7CB42C","387","2026-10-06T02:24:34.4706965Z"
"node_modules\got\dist\source\utils\deprecation-warning.d.ts","667663C26A242FD37F80E29CBA32B866972F4A70581066E1A0D06BE548AC6677","76","2026-10-06T02:24:34.5526139Z"
"node_modules\got\dist\source\utils\deprecation-warning.js","22C48D46871CBE0998D2E18CE0257CE3CD0CE5E826388747F4B672B036AB1CF3","365","2026-10-06T02:24:34.4766078Z"
"node_modules\graceful-fs\clone.js","7258ECA52E65D69845759503F9FDD66C252F40E5EAFB76DB5D481172E31AC9ED","496","2026-10-06T01:54:00.7786767Z"
"node_modules\graceful-fs\graceful-fs.js","7DA35669B6B6B0E4AAFEE31674C033F2CEBB0C8F9AE010F709DCC185D3F17786","12680","2026-10-06T01:54:00.7792212Z"
"node_modules\graceful-fs\legacy-streams.js","60A6A7ECF7C3E55A3FFAAE13433B6CFF388B7205BBA6DAF393C863F77A949E36","2655","2026-10-06T01:54:00.7828821Z"
"node_modules\graceful-fs\LICENSE","F65C5D9F22A317B2A10803BD1868461CE6499C2ED7217BC80C0CC772A748789C","791","2026-10-06T01:54:00.7770675Z"
"node_modules\graceful-fs\package.json","5747D4BA6B17165C6ECAC30AB3A331715F41C7AD546E1F1574DAB1BDCB116181","1031","2026-10-06T01:54:00.7848805Z"
"node_modules\graceful-fs\polyfills.js","66EA1687ED5EDF39D67296D26EDCCC8DA695D9A869303A78D0E580CD770ACA27","10141","2026-10-06T01:54:00.7838800Z"
"node_modules\graceful-fs\README.md","1C8169C6BD7D7C966616574B9B7479C9890193FF6C5AF98FAA28672A1D429382","4741","2026-10-06T01:54:00.7905479Z"
"node_modules\has-property-descriptors\.eslintrc","3C44806873D9CEBEA2128BDB0ED0A00BD82BEC5B1DEBEA514BC54670D9F4859D","173","2026-10-06T02:24:34.3853497Z"
"node_modules\has-property-descriptors\.nycrc","997785C50B0773E5E18BF15550FBF57823C634FEFE623CD37B3C83696402AD0A","139","2026-10-06T02:24:34.4059370Z"
"node_modules\has-property-descriptors\CHANGELOG.md","0FE548702D98DAC2C17E3049B83EBB62953EF585EF88619F24EF71952688CC9D","2648","2026-10-06T02:24:34.4630918Z"
"node_modules\has-property-descriptors\index.js","D5415D5957DE8E923FB1A976CB3F2524F1800ECF5E3B958A4D76183D2A9DEE91","588","2026-10-06T02:24:34.4344186Z"
"node_modules\has-property-descriptors\LICENSE","0F0CA96F50793990031EBC488A38F7292FF70BCE8AB6A8E5EEDA674ABC32CCDF","1067","2026-10-06T02:24:34.4202793Z"
"node_modules\has-property-descriptors\package.json","59A91E2CF32E4303D248708999A9EC3AFD8E3649A87BA7ABCF2177DC1984E3D5","2090","2026-10-06T02:24:34.4580531Z"
"node_modules\has-property-descriptors\README.md","948751362D23B03B9A2FCEFC39F6B6F379F7A2B79B25DEAF21CBE0512131CFF0","2206","2026-10-06T02:24:34.4686969Z"
"node_modules\has-property-descriptors\.github\FUNDING.yml","AAC113D18C37526F0D5D92F28D9BE805D85037520E9D4B822A20CFE71D9ACD40","595","2026-10-06T02:24:34.4766078Z"
"node_modules\has-property-descriptors\test\index.js","00B7CCD4FB74B70387244E1C0774CB75192CDAEA8FBA3A6809C7CF2C28885155","1405","2026-10-06T02:24:34.4483786Z"
"node_modules\http-cache-semantics\index.js","EDE1CC404A492FA348EB9D97A3007A0D72AA717BD22CD86A56BD0824C19729CA","35882","2026-10-06T02:24:34.4137703Z"
"node_modules\http-cache-semantics\LICENSE","AB868AD5A2EF5068560D9CD3B2180EC63C140BB4C5CAE1BA779D300A0AC74FA3","1274","2026-10-06T02:24:34.3863538Z"
"node_modules\http-cache-semantics\package.json","DBE99941ED2092D43257294405CFB389A476EF54A029488B51125E6F3A777FDE","601","2026-10-06T02:24:34.4278327Z"
"node_modules\http-cache-semantics\README.md","BE77466544E7060AD859664E779D84DB4440F6DCCA28DA0975D0BCD97000C9FA","12687","2026-10-06T02:24:34.4433436Z"
"node_modules\http2-wrapper\LICENSE","0194571D45A06EA2A22CEB51F981E3BE92525966D28847DBC0D9982603BF90DE","1071","2026-10-06T02:24:34.3853497Z"
"node_modules\http2-wrapper\package.json","670B26D00FA8B37412E1DF9CD056643FA995E89D626ED9E17FA4783E6F52642F","1123","2026-10-06T02:24:34.5161549Z"
"node_modules\http2-wrapper\README.md","9DF459A1E82F6179D9BA339B9A0E4E2B298F4D62420411C8D1FF84EEB878A41E","13034","2026-10-06T02:24:34.5185776Z"
"node_modules\http2-wrapper\source\agent.js","F58389805C38A86E70DA34D6C0C797B238803E85D848BED474F43F154D0E402B","18771","2026-10-06T02:24:34.4127636Z"
"node_modules\http2-wrapper\source\auto.js","1A6B70D7E0C44721653174011012EC06AD983F67025D1E9832A302C903F54CEE","3672","2026-10-06T02:24:34.4278327Z"
"node_modules\http2-wrapper\source\client-request.js","D41633BA426ACCA0E49A471DEB5DF05AE3490308CA15A253EE62F7CAEEA8DEF0","10806","2026-10-06T02:24:34.4570465Z"
"node_modules\http2-wrapper\source\incoming-message.js","3FFDF3E595804BF5FA4DC0653A5604420A46776680E55D10290A56D4D3957CA1","963","2026-10-06T02:24:34.4666918Z"
"node_modules\http2-wrapper\source\index.js","3C26002553CFDEC5B1B9A6E6027C6E3072006FE446E1543A011904B0814AE141","607","2026-10-06T02:24:34.4745932Z"
"node_modules\http2-wrapper\source\utils\calculate-server-name.js","14C9703A8AB1F9799D8E8B0597850DF408B7C850F701C7DCDE243421FE93A22E","599","2026-10-06T02:24:34.4433436Z"
"node_modules\http2-wrapper\source\utils\errors.js","A635AE322F1FADB78F5D06345FBC8436CE4EB88FCE5F6FDB7A0B4A3BA3D739C9","1406","2026-10-06T02:24:34.4620835Z"
"node_modules\http2-wrapper\source\utils\is-request-pseudo-header.js","B11703E0B5672501EF22E3AAF45909137A8EB2182713EDBC2D4949084F440007","186","2026-10-06T02:24:34.4776142Z"
"node_modules\http2-wrapper\source\utils\proxy-events.js","A1FA81CF77FA8493AE6974D6A5938CFAB04309D367384557C55483481E11E6C8","149","2026-10-06T02:24:34.4826529Z"
"node_modules\http2-wrapper\source\utils\url-to-options.js","5C4D66F5B1ED857435CD280C2810076031C8FD4EF2D28E59D7038289682C277A","722","2026-10-06T02:24:34.5128057Z"
"node_modules\json-buffer\.travis.yml","96F622A9783BB8745352A4D3802D8D68FBB70FB27693DE4F0A9299B1D542B6F9","38","2026-10-06T02:24:34.4059370Z"
"node_modules\json-buffer\index.js","D7596E0F7C808F2800AA6FA9DFA723C5547AB964ABA7DCD9014CEBF292F667D1","1504","2026-10-06T02:24:34.4202793Z"
"node_modules\json-buffer\LICENSE","715F1F0F2EB7688E53E4E958ACDC7FC9E365AE3EAF26EFC2604B93CC65FDC3F5","1071","2026-10-06T02:24:34.4344186Z"
"node_modules\json-buffer\package.json","67BD0213396BA4664A9F2FAFA3D2D25864A29F4F3800E766EA17C2AA3F4DBEF9","878","2026-10-06T02:24:34.3853497Z"
"node_modules\json-buffer\README.md","2886080BDE50B2B31E75872D44E944E73729C59E86DC12769EA7E826EA973138","659","2026-10-06T02:24:34.4458553Z"
"node_modules\json-buffer\test\index.js","F81B3C5A4CFEE41B6B735B4FFB04C049FCBA7FE833197A032860C6AA1AD476E4","1254","2026-10-06T02:24:34.4580531Z"
"node_modules\json-stringify-safe\.npmignore","D5CC148E9C2C9304F746B10CEC504E3D563F690986E8D0E7A80E3678A95C701E","7","2026-10-06T02:24:34.4059370Z"
"node_modules\json-stringify-safe\CHANGELOG.md","1335AFDBF4478A9A55507EF8B3E363278BA4DAF8077255DEF89B70C2DDA5FC4D","734","2026-10-06T02:24:34.4555412Z"
"node_modules\json-stringify-safe\LICENSE","4EC3D4C66CD87F5C8D8AD911B10F99BF27CB00CDFCFF82621956E379186B016B","765","2026-10-06T02:24:34.4344186Z"
"node_modules\json-stringify-safe\Makefile","E481A830C3D610798ED39280657719F59057F008B9756431D53B4A227E031EDB","675","2026-10-06T02:24:34.4620835Z"
"node_modules\json-stringify-safe\package.json","6622222846385E97ECCB23D565553009037EE5E185392361F9677B58CDF29BF3","796","2026-10-06T02:24:34.3853497Z"
"node_modules\json-stringify-safe\README.md","5155FEB3756676087A364203A3A64D6118598F875482732C94077F3B55DD2324","1261","2026-10-06T02:24:34.4202793Z"
"node_modules\json-stringify-safe\stringify.js","952FFB7FC912B6168D6B9AFB92CD12D4A01A4C55FE2EB82A9ABCE4DEF0A207C5","907","2026-10-06T02:24:34.4458553Z"
"node_modules\json-stringify-safe\test\mocha.opts","E071FD136E45C3F98746F7C7E535703D28A246159B9582CBDB0EC05DF55BCE6C","27","2026-10-06T02:24:34.4755999Z"
"node_modules\json-stringify-safe\test\stringify_test.js","54ADBEF6B39534734933475698A7B914DE5D2E8698DAECEA99875D2343BA8000","7550","2026-10-06T02:24:34.4686969Z"
"node_modules\jsonfile\CHANGELOG.md","E3E3FC63577917EB0A7B434176F7890A7F3627EF4993EA90A56A43820019FD67","7958","2026-10-06T02:24:34.4483786Z"
"node_modules\jsonfile\index.js","9F1F688B8DCF497BADDA859B9AB1EF28AF8428A006271C68483FC830CA4A21D4","2838","2026-10-06T02:24:34.4344186Z"
"node_modules\jsonfile\LICENSE","A9801FB52BA22EF808682A094DA8A7A480584B7ED0DFD0D888AB543616335031","1110","2026-10-06T02:24:34.4202793Z"
"node_modules\jsonfile\package.json","AAC2F2ACD4B615BB62D186A62457D06B76740CD0ED3A1CBF0FC711BD03EFD403","711","2026-10-06T02:24:34.3853497Z"
"node_modules\jsonfile\README.md","90DA8E0B969794E0E3B9226FF29D95D2A70712666EA0DD6E8F7219E6CA6C8B14","4310","2026-10-06T02:24:34.4059370Z"
"node_modules\keyv\package.json","E8AFD30F2F2A40EF5023928B50FDAED3A3338AA7E1C4E86205413AFB05E8A099","1297","2026-10-06T02:24:34.4112589Z"
"node_modules\keyv\README.md","C39E1B3F735BB9302EB3CBD84AEB48C4311DB64381F9E0A1AA4A61DDF59CE890","15631","2026-10-06T02:24:34.3905060Z"
"node_modules\keyv\src\index.d.ts","42BAF4CA38C38DEAF411EA73F37BC39FF56C6E5C761A968B64AC1B25C92B5CD8","4220","2026-10-06T02:24:34.4278327Z"
"node_modules\keyv\src\index.js","4987708B4B13159C654C09D239BD0C439533B0B792A6FD4E8769D8A509AD4DA6","6603","2026-10-06T02:24:34.4404443Z"
"node_modules\lowercase-keys\index.d.ts","A6CE02EA5FE2E197B7A939F8F2D5BD7608CA3989EEEB60BD3DF88EE198D4595D","351","2026-10-06T02:24:34.4053674Z"
"node_modules\lowercase-keys\index.js","A7B40F46216D06CBE2B183E35A666E8932758D7CD70C66AA403E48DD0B750EE7","178","2026-10-06T02:24:34.4187610Z"
"node_modules\lowercase-keys\license","48DA2F39E100D4085767E94966B43F4FA95FF6A0698FBA57ED460914E35F94A0","1109","2026-10-06T02:24:34.4334126Z"
"node_modules\lowercase-keys\package.json","13A6C14A45CCB49FF939EAF011879AF2A3B8FC80474C31DDABF34B39D1D7B5F6","614","2026-10-06T02:24:34.3843507Z"
"node_modules\lowercase-keys\readme.md","2F568560D3EFDB5A15A84532C32946B4DFD1379D1A07FBDE8A8D8074A74F4A73","529","2026-10-06T02:24:34.4443512Z"
"node_modules\matcher\index.d.ts","D63D6318A1E2AEF458B13FDFEBD167889CE058EA1FCDAE618E252568376B8CFA","2232","2026-10-06T02:24:34.4458553Z"
"node_modules\matcher\index.js","8D421D4AFBE5A65FC19A24E3F4CEC06D371C6D549553F124217D5B32E2A155F1","1785","2026-10-06T02:24:34.4059370Z"
"node_modules\matcher\license","5C932D88256B4AB958F64A856FA48E8BD1F55BC1D96B8149C65689E0C61789D3","1117","2026-10-06T02:24:34.3843507Z"
"node_modules\matcher\package.json","6F835FB6D2FB8E50356EE604D2FB2EDA6D7227575D7D172D8BF2636FD7176CF3","871","2026-10-06T02:24:34.4202793Z"
"node_modules\matcher\readme.md","DD7549B120B7D92F9CC12E4C6E068F6FBA06DC9BEA48E2E45206D8AD39963691","2814","2026-10-06T02:24:34.4344186Z"
"node_modules\mimic-response\index.js","F3F22EB462031B083266F9810A66DFC6C9D9A186FD5C10A3F7C016B06CD535FF","758","2026-10-06T02:24:34.4059370Z"
"node_modules\mimic-response\license","48DA2F39E100D4085767E94966B43F4FA95FF6A0698FBA57ED460914E35F94A0","1109","2026-10-06T02:24:34.4202793Z"
"node_modules\mimic-response\package.json","A3C32B6656683020A9458474C9536DCBF37B873668B87635C19FF10B58F362AE","651","2026-10-06T02:24:34.3853497Z"
"node_modules\mimic-response\readme.md","C63EDF69D781E867030EA49C4B8C71F82341A0848608239DB15286899E554F8F","1066","2026-10-06T02:24:34.4344186Z"
"node_modules\ms\index.js","E5F0B6A946A9B2B356A28557728410717DF54EA2F599EDB619F9839DF6B7B0E9","3024","2026-10-06T01:54:00.7770675Z"
"node_modules\ms\license.md","1662FAE9B5314D11CF51284E2DCD1F006A354F7343F08712A730FCFF9A359801","1079","2026-10-06T01:54:00.7792212Z"
"node_modules\ms\package.json","1A6B4D9739790C0B94AB96C8CC0507E281C164C311FF4FBF5E57FB8D26290B40","732","2026-10-06T01:54:00.7770675Z"
"node_modules\ms\readme.md","8BF6C4F414B123EA2A9375B91982882D01D8561CE7D12E3BB4F448C23359F040","1886","2026-10-06T01:54:00.7792212Z"
"node_modules\normalize-url\index.d.ts","8F7692396DFA34435E918DA4C18ED7F5349047FE1244EAE97B7D1F57BD533F8F","6489","2026-10-06T02:24:34.4478728Z"
"node_modules\normalize-url\index.js","87C9ACDFC9803F494FECF4D7689C8AA8861E6C4E37B586F0BBE446737E411417","5978","2026-10-06T02:24:34.4053674Z"
"node_modules\normalize-url\license","48DA2F39E100D4085767E94966B43F4FA95FF6A0698FBA57ED460914E35F94A0","1109","2026-10-06T02:24:34.3843507Z"
"node_modules\normalize-url\package.json","0D8D8D22F0872A9D29F7C5CCA23A67812474253038B4A5602DFD3FCFA84D216C","803","2026-10-06T02:24:34.4187610Z"
"node_modules\normalize-url\readme.md","E5450A10F82E52369DBB0B4B557CCA1DCEED950CD015C321D4AD7AF5CE09590D","6865","2026-10-06T02:24:34.4354226Z"
"node_modules\object-keys\.editorconfig","EDE54E8B6B96147C61EFD0DDC56D3683508A26066A8BAABD63673D2779A06F23","276","2026-10-06T02:24:34.4048368Z"
"node_modules\object-keys\.eslintrc","E9DF6C3BA34BAFA8CA4F382DC2F73E86621BE74B4A07E8CBA4DC9469861ADEEB","426","2026-10-06T02:24:34.4187610Z"
"node_modules\object-keys\.travis.yml","A7A9386888EF0C87A4E5DC95487AE725F1906B1A7F965FB12319394ED8DAB01E","8330","2026-10-06T02:24:34.4334126Z"
"node_modules\object-keys\CHANGELOG.md","4CBF1C85307BE4041F726A425294A3819C226BC03AD1F8F0B6E49673D5221570","7545","2026-10-06T02:24:34.4478728Z"
"node_modules\object-keys\implementation.js","4DD43BF86B886F6ADC16AA34B2F0D3A27B92ECF65ADCB87224E54CD394D2024C","3218","2026-10-06T02:24:34.4570465Z"
"node_modules\object-keys\index.js","4004588AA7A3769D8C34EF9A837E1632237487E53ED57CAEC51BFCC6668F2C29","823","2026-10-06T02:24:34.4630918Z"
"node_modules\object-keys\isArguments.js","31F36DED2784150B7480F56CA42E7FDA6E119D4345D5884A4D5F55E13FE6AC30","422","2026-10-06T02:24:34.4676995Z"
"node_modules\object-keys\LICENSE","5640E5CBE2E9F57F6CCFDD8DBFBEADB875495BDBCB69D2666CE3177CCD0942E4","1080","2026-10-06T02:24:34.4745932Z"
"node_modules\object-keys\package.json","60128330481888BF0E83A713699BEE6668C5948821EF06106D8C9613B6081B45","1903","2026-10-06T02:24:34.3843507Z"
"node_modules\object-keys\README.md","FC894570536F2623E395FD319E3DF738837323649EA2E2D430F8E6B96431E6A1","2460","2026-10-06T02:24:34.4786143Z"
"node_modules\object-keys\test\index.js","BA67C87B869578AD0AC1E62286B65663AA2747CE0AE3C4EFC8E4448CB69EA5A9","61","2026-10-06T02:24:34.4843375Z"
"node_modules\once\LICENSE","4EC3D4C66CD87F5C8D8AD911B10F99BF27CB00CDFCFF82621956E379186B016B","765","2026-10-06T02:24:34.4202793Z"
"node_modules\once\once.js","3DB73E347ECBDBAFDF8D0DB85145C877E133F5372E767360EF90C09F70AC5103","935","2026-10-06T02:24:34.4334126Z"
"node_modules\once\package.json","33840D74C14C94BFB75C76374765B635531B1EACB88D7F1F2F380C94D0EA1328","574","2026-10-06T02:24:34.3843507Z"
"node_modules\once\README.md","43B6D72BB23AFF98AF3243AB7E8D23D9AF339EC46CDBDC81DED537C9899FA650","1772","2026-10-06T02:24:34.4053674Z"
"node_modules\p-cancelable\index.d.ts","6BC64E37D72E60EC298911F260518AD11A875B236C237A4B4319A2C8F76A6467","4632","2026-10-06T02:24:34.4478728Z"
"node_modules\p-cancelable\index.js","3FE962819B9EC21533C9B183D17696D926A10E3CBF570F051AC257D2AE8E4EE1","2231","2026-10-06T02:24:34.4048368Z"
"node_modules\p-cancelable\license","48DA2F39E100D4085767E94966B43F4FA95FF6A0698FBA57ED460914E35F94A0","1109","2026-10-06T02:24:34.3843507Z"
"node_modules\p-cancelable\package.json","67064088DDAFF6FA1E9F9980C236A4819F8D249AF2F8CF9DAAE988CAA70AC0C5","809","2026-10-06T02:24:34.4187610Z"
"node_modules\p-cancelable\readme.md","49D2366DE82D489C659D80E06F8DF604F964C82BE7F5A66C0128584F2AC2A757","4761","2026-10-06T02:24:34.4334126Z"
"node_modules\pend\index.js","4B991290680D9027DD786493C6E816900355956D88AFB6AE4D97B5AC5A3EE0F5","1101","2026-10-06T02:24:34.4334126Z"
"node_modules\pend\LICENSE","7E64ACFFCB0D20D33F5A86949FFD4A99AE045B10C7332A9C3A58635876C16880","1082","2026-10-06T02:24:34.4187610Z"
"node_modules\pend\package.json","1E4F01D39CC13C261F7AB81D0509D36BD98D8ECEAF9ED75F2AB274286F3C3920","410","2026-10-06T02:24:34.3843507Z"
"node_modules\pend\README.md","4039DA3645C082324060EB6E1168726F43E03A1090EEB788A5D469B7B60E0DDB","973","2026-10-06T02:24:34.4053674Z"
"node_modules\pend\test.js","606527C6816C6ADEA3A586813203E9EE1980CE286FF8A485AD781FCC90912AAD","2449","2026-10-06T02:24:34.4443512Z"
"node_modules\progress\CHANGELOG.md","BCF3244ED8224FD1CCCEB1D1652BEB3D22ED7CA141E1638EBF2F45D601CE790E","3388","2026-10-06T01:54:00.7786767Z"
"node_modules\progress\index.js","BAD8EAFC784A18555566C1C52A6E03BA72DD58CCD6D71BA06244994BE87AA7D9","49","2026-10-06T01:54:00.7792212Z"
"node_modules\progress\LICENSE","D7D2A7786DE7C7CFD96F920C6F12927D74E1D2A861CA4498BF465C3BC3F4C21C","1098","2026-10-06T01:54:00.7808722Z"
"node_modules\progress\Makefile","2753B32742115F0D46EF28894DA759350B66ED2C4763D71848C63D1414A22426","154","2026-10-06T01:54:00.7828821Z"
"node_modules\progress\package.json","3F58CFD421F075CDA1017006C3CD287D0AD925466CB04AF14CAF0EE55C1AC54D","616","2026-10-06T01:54:00.7770675Z"
"node_modules\progress\Readme.md","490D3D64DF0347084FE37B00DC11BB93AA4084A24AFE5B39E14A5762E7870E09","3516","2026-10-06T01:54:00.7848805Z"
"node_modules\progress\lib\node-progress.js","CBA973FF80A57D60FDE143BB2B7E913862A58FB978C57AB53FAB1E84DC749312","6678","2026-10-06T01:54:00.7915466Z"
"node_modules\pump\.travis.yml","AE9B76C3EAE20B29F63571646426760A60A4DCB9CD2132C8E04F5ABD74A61179","58","2026-10-06T02:24:34.4735832Z"
"node_modules\pump\empty.js","7F225B046579DF75FA15BAFE48CC0384157C8F1D4B77D2725E1FDCBA67098765","22","2026-10-06T02:24:34.4048368Z"
"node_modules\pump\index.js","8FD0D0814AE27D025CBB7E13FB1709F991170235BD5196B84C545BA3AE23046B","2292","2026-10-06T02:24:34.4187610Z"
"node_modules\pump\LICENSE","3FE8D55A98DBF260EACE67C00CF9BC53EDB46234E840098A0B93DF3096B97FB6","1078","2026-10-06T02:24:34.3843507Z"
"node_modules\pump\package.json","D369A9C97D4AACA4A637AF77B6EAD9169146809FF3C27268E62151B613CAE016","618","2026-10-06T02:24:34.4555412Z"
"node_modules\pump\README.md","917D565B1C10DAD523C417DBD9EE7DA48BAF40C71A8793C664F3B94C11726D72","2449","2026-10-06T02:24:34.4605627Z"
"node_modules\pump\SECURITY.md","994EA9CF579D2164B7736A6728BA48773AE78B0AE8F20290BEE63FC62BB7362E","193","2026-10-06T02:24:34.4666918Z"
"node_modules\pump\test-browser.js","BFDD31D421D9975519122715DF56E81662ABF283E386BDA1D7141EF277F70191","1172","2026-10-06T02:24:34.4334126Z"
"node_modules\pump\test-node.js","04B7B585E056FCCEA011F300815D9F19AFB190B7C88F5BC575AEAC8B5DD00DED","992","2026-10-06T02:24:34.4443512Z"
"node_modules\pump\.github\FUNDING.yml","F0C83F8E9D290853E910441DCBDD6BCA388FE8B728D5566FF1161A10574A82F7","39","2026-10-06T02:24:34.4786143Z"
"node_modules\quick-lru\index.d.ts","A3C2ABD98C3EB44A14869DABD47493C9A6AB2CBDBCBCED5AA76003D0C98FE0ED","2062","2026-10-06T02:24:34.4443512Z"
"node_modules\quick-lru\index.js","418547C1796F2E2F2306A998919BCEF4584237795E6270224C25B92406E21315","2073","2026-10-06T02:24:34.4053674Z"
"node_modules\quick-lru\license","48DA2F39E100D4085767E94966B43F4FA95FF6A0698FBA57ED460914E35F94A0","1109","2026-10-06T02:24:34.3833432Z"
"node_modules\quick-lru\package.json","BF5251A87213147E4E97A56FB5FEADE15734354F418B907D074B7FF595EFF9FF","740","2026-10-06T02:24:34.4187610Z"
"node_modules\quick-lru\readme.md","776CE05C679B11B691800AE78D70655CBD1E48BB4BA9F63303C523422D90E9D5","2661","2026-10-06T02:24:34.4334126Z"
"node_modules\resolve-alpn\index.js","DBA282C3FF703F878B3B9232247168468A4B1F982288038940B4A87692B235BD","859","2026-10-06T02:24:34.4048368Z"
"node_modules\resolve-alpn\LICENSE","03B347A3D13B0E5BDB8FC5EDEED0286B1BE51441C6490A90710692D227136E0D","1072","2026-10-06T02:24:34.3833432Z"
"node_modules\resolve-alpn\package.json","104151F28E42154024F78AF2F8AF97B4A476C6A55F64454788D2204F441C4527","825","2026-10-06T02:24:34.4187610Z"
"node_modules\resolve-alpn\README.md","AF7F3B5A8C66DBFA5DC7B519915BF0648EF9A1396981CA9BF422A2F7617B7373","1889","2026-10-06T02:24:34.4334126Z"
"node_modules\responselike\LICENSE","2C4E066228DBCA96C8C6E8BEF5377306F227FFA1D87A18A218B230E13AC5D39E","1055","2026-10-06T02:24:34.3843507Z"
"node_modules\responselike\package.json","512CCD23A56CC4A55F9FA20BD24520517F742A4E9EC58225B84B9AB34BEE43C5","883","2026-10-06T02:24:34.4243106Z"
"node_modules\responselike\README.md","6DA6FCE0471EE4CD44C046A53C4BB58E5FF22CCF5ADDABFFA03BE6D6C2EDD988","1924","2026-10-06T02:24:34.4364245Z"
"node_modules\responselike\src\index.js","A154CA976934D0C3500F7F70D7D6F5FD5CF28EEE82CEB8026F9C02064816B5CC","823","2026-10-06T02:24:34.4112589Z"
"node_modules\roarr\LICENSE","BA98E94118579117505F6F11FD9A4354C5E65ECE03B4898D8B8F7785EFCD25C1","1529","2026-10-06T02:24:34.3843507Z"
"node_modules\roarr\package.json","BFD5E2B456EC3A764A4536C672B99F640A5C9F7837FA25D082B4DB1014BFD979","2350","2026-10-06T02:24:34.5258786Z"
"node_modules\roarr\README.md","84C1C113084DB5C5C64D3E9E26350AB1C5868CAA5C048E1A80B955FE245514E0","21289","2026-10-06T02:24:34.5403938Z"
"node_modules\roarr\dist\constants.js","1DD5F2B67FD2A36C9060E3E80EF137CBB059C9CC41F3414B729DEBE4F136255A","274","2026-10-06T02:24:34.4816520Z"
"node_modules\roarr\dist\constants.js.flow","C583FE7C24F03CC6738FA86A5F92A1332A66E05C516C7C7B851F5B5FF9D8D17C","116","2026-10-06T02:24:34.4112589Z"
"node_modules\roarr\dist\constants.js.map","F4354724208C49A16A7A7C7E87906E70D896C478DDD61354997ED8E7124842FB","505","2026-10-06T02:24:34.5283934Z"
"node_modules\roarr\dist\log.js","AA1F606FB59E3D3686AD0CC4C81A73E1CAA901BB28E04AAF7DC9F78537274DAE","1186","2026-10-06T02:24:34.5233631Z"
"node_modules\roarr\dist\log.js.flow","CFB1770B665AF6B4833CAECBA72835B506DF17822062A7CC9CD5525C4086D333","970","2026-10-06T02:24:34.4706965Z"
"node_modules\roarr\dist\log.js.map","54AC41EE714CE8842FF0727A909156B2AB275537872E2B3C78FB0345FAF05BB0","1818","2026-10-06T02:24:34.5375480Z"
"node_modules\roarr\dist\types.js","8CD3AFA941B27FE7FDBC2A5E0794E45F57B5AD5F944E5B3024F7B321C2C983C1","47","2026-10-06T02:24:34.5248716Z"
"node_modules\roarr\dist\types.js.flow","FF4EAE37D5425A6D7E5F75F06ADCC0E9F8C60F09252927B05DC7639A8833A16A","2144","2026-10-06T02:24:34.4766078Z"
"node_modules\roarr\dist\types.js.map","AB730F2F1CE49E15FD960A9B072C31FE996D262CA1CB4CFFE936760E53281BD8","89","2026-10-06T02:24:34.5380544Z"
"node_modules\roarr\dist\factories\createLogger.js","E1CC89204DBC61D3D601506242EC8A9772F69ED5028A594DFFAC539060941400","6377","2026-10-06T02:24:34.5128057Z"
"node_modules\roarr\dist\factories\createLogger.js.flow","D43EE8F703D6F30B9A91D7FA3AB92D728A144679E9F61024697087E0465621B4","4723","2026-10-06T02:24:34.4278327Z"
"node_modules\roarr\dist\factories\createLogger.js.map","695BE37364594E647A9B57810441886AB028CBC50FD2423DE3E0D95A1FDE7CBE","10077","2026-10-06T02:24:34.5304448Z"
"node_modules\roarr\dist\factories\createMockLogger.js","33EA84D2B3A5CEFBDCFC1238B4345B60D82BB0EFDEB9E6F0400849DEF82F7091","1103","2026-10-06T02:24:34.5156270Z"
"node_modules\roarr\dist\factories\createMockLogger.js.flow","9B882E1020DD64CEDCDC33EF71D3B0D6B4AC680859FD6A90BCA7935D916DB546","1196","2026-10-06T02:24:34.4404443Z"
"node_modules\roarr\dist\factories\createMockLogger.js.map","32EBE2A5AB8EDC8F07293A71846AA31202BB0BFB12B0EBE63BD7FBA5EA2A0087","2581","2026-10-06T02:24:34.5325187Z"
"node_modules\roarr\dist\factories\createNodeWriter.js","B2E1F74C2C774AA1D1A8358C5BD6307CD0414E08FD2C960AF9C275CFAB728C8D","629","2026-10-06T02:24:34.5175719Z"
"node_modules\roarr\dist\factories\createNodeWriter.js.flow","3D44EFDC9D358D3F7614E02B32FDFB17FFF835C91207C399B9C285EDF2933A57","520","2026-10-06T02:24:34.4534047Z"
"node_modules\roarr\dist\factories\createNodeWriter.js.map","1C9CC9C4ABCCDCEF1F459794A24B299E69BD47C24BB5B26666D61F9B1DB9DFCD","1214","2026-10-06T02:24:34.5335288Z"
"node_modules\roarr\dist\factories\createRoarrInititialGlobalState.js","6CC3E560464E59B6C6DB7DEF02FB6AFA83366B9A02702FC3F825ED7196DF570D","2493","2026-10-06T02:24:34.5195776Z"
"node_modules\roarr\dist\factories\createRoarrInititialGlobalState.js.flow","616B91ED835DE9B954E5E940341DE0DB589DEDD377704D28769AEC0FCC9B4D88","914","2026-10-06T02:24:34.4590547Z"
"node_modules\roarr\dist\factories\createRoarrInititialGlobalState.js.map","2BC7EBA8E1005C34093E96945842FFFD410A666B60237F15526C31C0F0D045CB","1969","2026-10-06T02:24:34.5355509Z"
"node_modules\roarr\dist\factories\index.js","F697079F1F9FC85629A8FD28ED3A3FFD2D0085C150777D3B3B8B2567680BF6EE","914","2026-10-06T02:24:34.5205789Z"
"node_modules\roarr\dist\factories\index.js.flow","64ED0BE66C0772B73D8C483039E96342FAF4AB5D548CFB34B587CB0B397B3430","239","2026-10-06T02:24:34.4646077Z"
"node_modules\roarr\dist\factories\index.js.map","CC10B9A409E6CBA0275FEA5CD97506D0D04CCACBC3CE5E4671C4D7F1C5ABE81B","411","2026-10-06T02:24:34.5365499Z"
"node_modules\semver\LICENSE","4EC3D4C66CD87F5C8D8AD911B10F99BF27CB00CDFCFF82621956E379186B016B","765","2026-10-06T02:24:34.3833432Z"
"node_modules\semver\package.json","AA906C5BF8A2FA68683CAE07D18553AE2538ED0D5A567911980B2EF25EE8B9BA","981","2026-10-06T02:24:34.4555412Z"
"node_modules\semver\range.bnf","ED628FDAFF64BE366D07F6CC4559EAE4DE109826F743EA7F5E1588C370BCA49A","619","2026-10-06T02:24:34.4048368Z"
"node_modules\semver\README.md","C7D817091C6747E4F4FB7006BF60BD2040FD955AB7C37520F834C2AF265876C6","16974","2026-10-06T02:24:34.4630918Z"
"node_modules\semver\semver.js","D89ED53251E85463BF4300AE9A3E258DC75EB73EB2820D524BD05F4451BED3D4","44287","2026-10-06T02:24:34.4453511Z"
"node_modules\semver\bin\semver.js","A3ED56435CBD4B3F07A80C4A343EDD86D787F89BF2CEE0105BDF68CB653BA2A0","4717","2026-10-06T02:24:34.4243106Z"
"node_modules\semver-compare\.travis.yml","F376CD904AD27D6AB42F171906011DB1B89D6D0AC9E29491545EE7A28E132B82","87","2026-10-06T02:24:34.4334126Z"
"node_modules\semver-compare\index.js","AEF1747F041D4661F297FFC3299A95307ADDB64D93E4ABBC62C05B24AB63E99D","372","2026-10-06T02:24:34.4187610Z"
"node_modules\semver-compare\LICENSE","435A6722C786B0A56FBE7387028F1D9D3F3A2D0FB615BB8FEE118727C3F59B7B","1073","2026-10-06T02:24:34.4048368Z"
"node_modules\semver-compare\package.json","D7086CBB819F98D9B553786A4F1497147A9BAA03B8F94D3DABBFDD5955B07B97","659","2026-10-06T02:24:34.3833432Z"
"node_modules\semver-compare\readme.markdown","3A94344F63A07C09B482EC3358D7DCE002E467CADFE002DB8C07BA9B8DB83149","1025","2026-10-06T02:24:34.4620835Z"
"node_modules\semver-compare\example\cmp.js","F516E98B136502A028B6BF6B84CD316CF281516CAD415B616EDA6ED665037A88","210","2026-10-06T02:24:34.4473676Z"
"node_modules\semver-compare\example\lex.js","8E89664ABBFC189DE3FCDD9F8E2E607CE1523747D449DEC29BA39CABEC532D7A","181","2026-10-06T02:24:34.4570465Z"
"node_modules\semver-compare\test\cmp.js","11681D2F646F03353283E50B4917359C8D76E9D772681EDAA625CD0E3529DACC","444","2026-10-06T02:24:34.4676995Z"
"node_modules\serialize-error\index.d.ts","FD3F640115E82A9D98E1625DD986FF06ADDD0C2C58AD87956694E7E6D1CF9735","1390","2026-10-06T02:24:34.4443512Z"
"node_modules\serialize-error\index.js","7A04D1B19083EC20DB521FF7745216C35C3CA9B29E2A8D7CAD03418487382D37","2235","2026-10-06T02:24:34.4042947Z"
"node_modules\serialize-error\license","5C932D88256B4AB958F64A856FA48E8BD1F55BC1D96B8149C65689E0C61789D3","1117","2026-10-06T02:24:34.3833432Z"
"node_modules\serialize-error\package.json","E133C1181679208EF8238554F09C57E37BF31B808D57AB9BE8B8673D87978417","743","2026-10-06T02:24:34.4187610Z"
"node_modules\serialize-error\readme.md","F2A1246B4E1578D0B72D6A1E8B0D864599E24A987BBA9109279A5679D82931B9","1417","2026-10-06T02:24:34.4334126Z"
"node_modules\sprintf-js\CONTRIBUTORS.md","63258DA288E3A6E6A3698DA014604A9559CDAF1526E8033AA14287881ABE4FF0","1333","2026-10-06T02:24:34.4826529Z"
"node_modules\sprintf-js\LICENSE","F8287E4DD9480BE58C56ACA4A55C23B782C43A86E69AABAD78FFF4DF0D29EDEF","1513","2026-10-06T02:24:34.4112589Z"
"node_modules\sprintf-js\package.json","C97349295CAE4E40A6F16A26096330997257C00BE67BD8FD0AC3391719E4EE5F","869","2026-10-06T02:24:34.4666918Z"
"node_modules\sprintf-js\README.md","7AD0F2CD7D75197C892C08DFA0321D7340197E5B6D090AAFEF791DB3DC2F275B","6340","2026-10-06T02:24:34.5128057Z"
"node_modules\sprintf-js\dist\.gitattributes","5FE8BE92B049E572E3F758D827C449428D5D0F4CA5DD0E01BA11DE9825535B03","106","2026-10-06T02:24:34.3905060Z"
"node_modules\sprintf-js\dist\angular-sprintf.min.js","5523439B6FE5F56589DC6699D8B4A11693F43C95DF70D834C74F6D1A81FC2BE8","498","2026-10-06T02:24:34.4414503Z"
"node_modules\sprintf-js\dist\angular-sprintf.min.js.map","82BF338159A9A886A7812557119A0FE0AAC7A6BC4C5E14D0597CE617D5E7F9EE","1163","2026-10-06T02:24:34.4735832Z"
"node_modules\sprintf-js\dist\sprintf.min.js","BCB857EED98349CB9713AEA1CDF05561ECA5EC7FFED0AA04985ADE0AF1765980","3675","2026-10-06T02:24:34.4590547Z"
"node_modules\sprintf-js\dist\sprintf.min.js.map","CFFB6E85A53DD2FBEAEE6E32B38A142ECF3E99ED3841A639A4695EBB1F41B726","14469","2026-10-06T02:24:34.4776142Z"
"node_modules\sprintf-js\src\angular-sprintf.js","3757C85856985CFAF6692A66E78FC838F8F70D59108BE186CFD64173460B0C9C","663","2026-10-06T02:24:34.4293392Z"
"node_modules\sprintf-js\src\sprintf.js","95ADD43F116385BE221745307FAE02D06751B01D4F939DF1DEBB17DBE2EBF4EB","9250","2026-10-06T02:24:34.4539135Z"
"node_modules\sumchecker\index.d.ts","5A0AD53744D1F44CF3F443FB8A236FBE29297414D8134D914521A8EB8FCA4EF6","1701","2026-10-06T01:54:00.7935459Z"
"node_modules\sumchecker\index.js","3C227207E7AD9B319204ECF75CF85DE35041E9C91CDDE1EFF7A3F29EDAFBD821","4721","2026-10-06T01:54:00.7945509Z"
"node_modules\sumchecker\index.test-d.ts","ED6A4E01CFC4F5F94FB0793027895012F7B5F844B537469070293B090A22875D","1222","2026-10-06T01:54:00.7955468Z"
"node_modules\sumchecker\LICENSE","CFC7749B96F63BD31C3C42B5C471BF756814053E847C10F3EB003417BC523D30","11358","2026-10-06T01:54:00.7970518Z"
"node_modules\sumchecker\NEWS.md","990DAC61BC936C44C16A103314412C94ED3BEA15A5174009D9FF1530FFE55450","1600","2026-10-06T01:54:00.7980672Z"
"node_modules\sumchecker\package.json","E71DE8670A389774675E6CB84CB4D196331B714600B6FB916948F8B61B651545","1766","2026-10-06T01:54:00.7925488Z"
"node_modules\sumchecker\README.md","F53EC9B7C267B56DDCC7D132712A3054A15C4ECDE876EE4AF510182A15C2DC5B","3128","2026-10-06T01:54:00.7980672Z"
"node_modules\sumchecker\yarn.lock","1169867A3574EEB7FF79013C890392ABE3F45B85F246942E8776276156B51E3D","199723","2026-10-06T01:54:00.8247338Z"
"node_modules\sumchecker\.github\FUNDING.yml","97970BB2C225BA54521644E3A1D3495536D8D9BB681AD2AE1DD58F795B6466A6","40","2026-10-06T01:54:00.8267712Z"
"node_modules\sumchecker\.github\workflows\ci.yml","81E87577545C8DD824563F8465972EC5E2814FB15639B8DC0D4B8ECF7ADA36E3","1212","2026-10-06T01:54:00.8307834Z"
"node_modules\type-fest\index.d.ts","113AE3C00B4B6C8CEDE732E154504F5D265C7794D96440BBE81CA88473C60459","1285","2026-10-06T02:24:34.4826529Z"
"node_modules\type-fest\license","64A93FFC0A06A2266DBB57ED7EBE3B56BA66AB337B6347FABDBF86C76819FBAE","1116","2026-10-06T02:24:34.3833432Z"
"node_modules\type-fest\package.json","A674CFB9DA871E044B5287394B5245D6D2F26D5F0D6E5F7DC375FCBB20BC9CFB","782","2026-10-06T02:24:34.4048368Z"
"node_modules\type-fest\readme.md","EC274A82EB8C4695B61BB17E93E1960358B4113EB79CE5572C198ED663574C24","29282","2026-10-06T02:24:34.4268251Z"
"node_modules\type-fest\source\async-return-type.d.ts","8E067D3C170E56DFE3502FC8EBD092AE76A5235BAAD6F825726F3BBCC8A3836A","715","2026-10-06T02:24:34.4428166Z"
"node_modules\type-fest\source\basic.d.ts","F20C9C09C8A0FEA4784952305A937BDB092417908BAD669DC789D3E54D8A5386","2020","2026-10-06T02:24:34.4539135Z"
"node_modules\type-fest\source\conditional-except.d.ts","955D0C60502897E9735FCD08D2C1AD484B6166786328B89386074AEBCD735776","1012","2026-10-06T02:24:34.4590547Z"
"node_modules\type-fest\source\conditional-keys.d.ts","AE7F57067310D6C4ACBC4862B91B5799E88831F4AB77F865443A9BC5057B540A","1199","2026-10-06T02:24:34.4666918Z"
"node_modules\type-fest\source\conditional-pick.d.ts","2FA69D202A513F2A6553F263D473CBA85D598CE250261715D78E8AAB42DF6B93","933","2026-10-06T02:24:34.4735832Z"
"node_modules\type-fest\source\except.d.ts","C58BE3E560989A877531D3FF7C9E5DB41C5DD9282480CCF197ABFCC708A95B8D","886","2026-10-06T02:24:34.4766078Z"
"node_modules\type-fest\source\literal-union.d.ts","091AF8276FBC70609A00E296840BD284A2FE29DF282F0E8DAE2DE9F0A706685F","1152","2026-10-06T02:24:34.5128057Z"
"node_modules\type-fest\source\merge-exclusive.d.ts","D33782B82EEA0EE17B99CA563BD19B38259A3AAF096D306CEAF59CD4422629BE","1340","2026-10-06T02:24:34.5156270Z"
"node_modules\type-fest\source\merge.d.ts","50D22844DB90A0DCD359AFEB59DD1E9A384D977B4B363C880B4E65047237A29E","415","2026-10-06T02:24:34.5171629Z"
"node_modules\type-fest\source\mutable.d.ts","91F23DDC3971B1C8938C638FB55601A339483953E1EB800675FA5B5E8113DB72","860","2026-10-06T02:24:34.5185776Z"
"node_modules\type-fest\source\opaque.d.ts","D4220A16027DDF0CC7D105D80CBB01F5070CA7DDD8B2D007CFB024B27E22B912","2676","2026-10-06T02:24:34.5205789Z"
"node_modules\type-fest\source\package-json.d.ts","09759A6D77FCBBC42729C6AD12C78BD1603E7EF516FC2830B0F7900AE0C45293","13021","2026-10-06T02:24:34.5233631Z"
"node_modules\type-fest\source\partial-deep.d.ts","61046F12C3CFAFD353D2D03FEBC96B441C1A0E3BB82A5A88DE78CC1BE9E10520","2312","2026-10-06T02:24:34.5248716Z"
"node_modules\type-fest\source\promisable.d.ts","537AFF717746703D2157EC563B5DE4F6393CE9F69A84AE62B49E9B6C80B6E587","775","2026-10-06T02:24:34.5258786Z"
"node_modules\type-fest\source\promise-value.d.ts","C2D56EFA50F7D0AC8E4E7125FE5E213C1F13228117A70C54E79D23D5529C3FC8","637","2026-10-06T02:24:34.5283934Z"
"node_modules\type-fest\source\readonly-deep.d.ts","F4E7F5824AC7B35539EFC3BEF36B3E6BE89603B88224CB5C0AD3526A454FC895","1828","2026-10-06T02:24:34.5304448Z"
"node_modules\type-fest\source\require-at-least-one.d.ts","7F7F1420C69806E268AB7820CBE31A2DCB2F836F28B3D09132A2A95B4A454B80","809","2026-10-06T02:24:34.5325187Z"
"node_modules\type-fest\source\require-exactly-one.d.ts","2D14198B25428B7B8010A895085ADD8EDFAAE476AB863C0C15FE2867FC214FE4","1255","2026-10-06T02:24:34.5345390Z"
"node_modules\type-fest\source\set-optional.d.ts","FB3AA3FB5F4FCD0D57D389A566C962E92DBFDAEA3C38E3EAF27D466E168871C6","1068","2026-10-06T02:24:34.5355509Z"
"node_modules\type-fest\source\set-required.d.ts","0AF1485D84516C1A080C1F4569FEA672CAAC8051E29F33733BF8D01DF718D213","1069","2026-10-06T02:24:34.5365499Z"
"node_modules\type-fest\source\stringified.d.ts","3C19E77A05C092CAB5F4FD57F6864AA2657F3AD524882F917A05FDB025905199","416","2026-10-06T02:24:34.5380544Z"
"node_modules\type-fest\source\tsconfig-json.d.ts","8E358D80AC052E9F4E5CC16D06C946628834B47718A4BD101EF2087603B8E5C7","16846","2026-10-06T02:24:34.5403938Z"
"node_modules\type-fest\source\union-to-intersection.d.ts","C17D5F8E1F0D7CB88000577B29579E758D94FE2D655DB41FED16183498860F60","1957","2026-10-06T02:24:34.5409013Z"
"node_modules\type-fest\source\value-of.d.ts","69630AD0E50189FB7A6B8F138C5492450394CB45424A903C8B53B2D5DD1DBCE2","829","2026-10-06T02:24:34.5434168Z"
"node_modules\undici-types\agent.d.ts","7BEFAF0E76B5671BE1D47B77FCC65F2B0AAD91CC26529DF1904F4A7C46D216E9","1167","2026-10-06T01:54:00.7792212Z"
"node_modules\undici-types\api.d.ts","8AEE8B6D4F9F62CF3776CDA1305FB18763E2AADE7E13CEA5BBE699112DF85214","1609","2026-10-06T01:54:00.7828821Z"
"node_modules\undici-types\balanced-pool.d.ts","4D327F7D72AD0918275CEA3EEE49A6A8DC8114AE1D5B7F3F5D0774DE75F7439A","1019","2026-10-06T01:54:00.7848805Z"
"node_modules\undici-types\cache-interceptor.d.ts","98498B101803BB3DDE9F76A56E65C14B75DB1CC8BEC5F4DB72BE541570F74FC5","4362","2026-10-06T01:54:00.7905479Z"
"node_modules\undici-types\cache.d.ts","C46E079FE54C76F95C67FB89081B3E399DA2C7D109E7DCA8E4B58D83E332E605","1251","2026-10-06T01:54:00.7925488Z"
"node_modules\undici-types\client-stats.d.ts","68834D631C8838C715F225509CFC3927913B9CC7A4870460B5B60C8DBDB99BAF","456","2026-10-06T01:54:00.7935459Z"
"node_modules\undici-types\client.d.ts","21ADF13435B9B748529C8CEDF80F884E5130B9684188120A686CD2B26A2059C7","5506","2026-10-06T01:54:00.7945509Z"
"node_modules\undici-types\connector.d.ts","14E9ACF826BABA0EF4B5665704084896E7BCC06F65A9AB13AF7E93D27D6B7069","1105","2026-10-06T01:54:00.7955468Z"
"node_modules\undici-types\content-type.d.ts","2E85DB9E6FD73CFA3D7F28E0AB6B55417EA18931423BD47B409A96E4A169E8E6","561","2026-10-06T01:54:00.7965466Z"
"node_modules\undici-types\cookies.d.ts","59AF37CAEC41ECF7B2E76059C9672A49E682C1A2AA6F9D7DC78878F53AA284D6","696","2026-10-06T01:54:00.7970518Z"
"node_modules\undici-types\diagnostics-channel.d.ts","12950411EEAB8563B349CB7959543D92D8D02C289ED893D78499A19BECB5A8CC","1776","2026-10-06T01:54:00.7980672Z"
"node_modules\undici-types\dispatcher.d.ts","0ECD58F413F9BC3B7D4383EAE31B0C8FC576985CD7404D6F99F8C643543ADE74","15780","2026-10-06T01:54:00.7995620Z"
"node_modules\undici-types\env-http-proxy-agent.d.ts","80AAE6AFC67FAA5AC0B32B5B8BC8CC9F7FA299CFF15CF09CC2E11FD28C6AE29E","732","2026-10-06T01:54:00.7995620Z"
"node_modules\undici-types\errors.d.ts","EEC76BF6B9346F3F95FA402621B889489E96930E72295B0369022F332E9B4A6A","4868","2026-10-06T01:54:00.8020854Z"
"node_modules\undici-types\eventsource.d.ts","ADF27937DBA6AF9F08A68C5B1D3FCE0CA7D4B960C57E6D6C844E7D1A8E53ADAE","1794","2026-10-06T01:54:00.8096425Z"
"node_modules\undici-types\fetch.d.ts","10EC5E82144DFAC6F04FA5D1D6C11763B3E4DBBAC6D99101427219AB3E2AE887","5667","2026-10-06T01:54:00.8215241Z"
"node_modules\undici-types\formdata.d.ts","615754924717C0B1E293E083B83503C0A872717AD5AA60ED7F1A699EB1B4EA5C","5009","2026-10-06T01:54:00.8240297Z"
"node_modules\undici-types\global-dispatcher.d.ts","EA6BC8DE8B59F90A7A3960005FD01988F98FD0784E14BC6922DDE2E93305EC7D","275","2026-10-06T01:54:00.8252560Z"
"node_modules\undici-types\global-origin.d.ts","36107995674B29284A115E21A0618C4C2751B32A8766DD4CB3BA740308B16D59","176","2026-10-06T01:54:00.8277758Z"
"node_modules\undici-types\h2c-client.d.ts","E85D7F8068F6A26710BFF0CC8C0FC5E47F71089C3780FBEDE05857331D2DDEC9","3706","2026-10-06T01:54:00.8307834Z"
"node_modules\undici-types\handlers.d.ts","7FD1B31FD35876B0AA650811C25EC2C97A3C6387E5473EB18004BED86CDD76B6","451","2026-10-06T01:54:00.8358001Z"
"node_modules\undici-types\header.d.ts","23CD712E2CE083D68AFE69224587438E5914B457B8ACF87073C22494D706A3D0","3336","2026-10-06T01:54:00.8378127Z"
"node_modules\undici-types\index.d.ts","114F493B30F364255290472111B5A4791D5902C308645670CD0401429CBC6930","4557","2026-10-06T01:54:00.8438409Z"
"node_modules\undici-types\interceptors.d.ts","4DC59F6E1DBF3D5F66660FCEABE6C174D3261B37B696AE1854F0DBAF255FC753","3594","2026-10-06T01:54:00.8468458Z"
"node_modules\undici-types\LICENSE","A6DB8096B2707BC0102D256917D4D33F298BA36D8C3F25DE067A2B5BB379DB27","1090","2026-10-06T01:54:00.7770675Z"
"node_modules\undici-types\mock-agent.d.ts","9666F2F84B985B62400D2E5AB0ADAE9FF44DE9B2A34803C2C5BD3C8325B17DC0","3448","2026-10-06T01:54:00.8510143Z"
"node_modules\undici-types\mock-call-history.d.ts","0B6E25234B4EEC6ED96AB138D96EB70B135690D7DD01F3DD8A8AB291C35A683A","5558","2026-10-06T01:54:00.8555743Z"
"node_modules\undici-types\mock-client.d.ts","40CD35C95E9CF22CFA5BD84E96408B6FCBCA55295F4FF822390ABB11AFBC3DCA","1065","2026-10-06T01:54:00.8596341Z"
"node_modules\undici-types\mock-errors.d.ts","40B463C6766CA1B689BFCC46D26B5E295954F32AD43E37EE6953C0A677E4AE2B","336","2026-10-06T01:54:00.8621760Z"
"node_modules\undici-types\mock-interceptor.d.ts","0A60A292B89CA7218B8616F78E5BBD1C96B87E048849469CCCB4355E98AF959A","3931","2026-10-06T01:54:00.8661945Z"
"node_modules\undici-types\mock-pool.d.ts","B1616B8959BF557FEB16369C6124A97A0E74ED6F49D1DF73BB4B9DDF68ACF3F3","1037","2026-10-06T01:54:00.8692683Z"
"node_modules\undici-types\package.json","541ADF5EC10733ECBF9278EC706914C76B1E5B25CCCEBDADB7ADE8F3066AE052","1193","2026-10-06T01:54:00.7786767Z"
"node_modules\undici-types\patch.d.ts","ADDF417B9EB3F938FDDF8D81E96393A165E4BE0D4A8B6402292F9C634B1CB00D","599","2026-10-06T01:54:00.8702821Z"
"node_modules\undici-types\pool-stats.d.ts","914A0AE30D96D71915FC519CCB4EFBF2B62C0DDFB3A3FC6129151076BC01DC60","663","2026-10-06T01:54:00.8728958Z"
"node_modules\undici-types\pool.d.ts","9C32412007B5662FD34A8EB04292FB5314EC370D7016D1C2FB8AA193C807FE22","1490","2026-10-06T01:54:00.8743598Z"
"node_modules\undici-types\proxy-agent.d.ts","249B9CAB7F5D628B71308C7D9BB0A808B50B091E640BA3ED6E2D0516F4A8D91D","806","2026-10-06T01:54:00.8753587Z"
"node_modules\undici-types\readable.d.ts","156A859E21EF3244D13AFEEBA4E49760A6AFA035C149DDA52F0C45EA8903B338","1910","2026-10-06T01:54:00.8778742Z"
"node_modules\undici-types\README.md","C8CCED6EC588C55B07E35733258CB7D6B63E3426EE7490AA9267AAB4BDA0FB20","455","2026-10-06T01:54:00.7792212Z"
"node_modules\undici-types\retry-agent.d.ts","499E5B055A5ABA1E1998F7311A6C441A369831C70905CC565CEAC93C28083D53","233","2026-10-06T01:54:00.8810995Z"
"node_modules\undici-types\retry-handler.d.ts","F473CD2288991FF3221165DCF73CD5D24DA30391F87E85B3DD4D0450C787A391","3262","2026-10-06T01:54:00.8843664Z"
"node_modules\undici-types\round-robin-pool.d.ts","6EBE8EBB8659AAA9D1ACBF3710D7DAE3E923E97610238B9511C25DC39023A166","1590","2026-10-06T01:54:00.8853674Z"
"node_modules\undici-types\snapshot-agent.d.ts","5B03A034C72146B61573AAB280F295B015B9168470F2DF05F6080A2122F9B4DF","3048","2026-10-06T01:54:00.8878779Z"
"node_modules\undici-types\socks5-proxy-agent.d.ts","D33CE35E3F9CFCC1D94ECA415BDD3BDE94D5B153FFDD33E6C4455C029986C630","870","2026-10-06T01:54:00.8908895Z"
"node_modules\undici-types\util.d.ts","5D0375CA7310EFB77E3EF18D068D53784FAF62705E0AD04569597AE0E755C401","623","2026-10-06T01:54:00.8929031Z"
"node_modules\undici-types\utility.d.ts","CDCF9EA426AD970F96AC930CD176D5C69C6C24EEBD9FC580E1572D6C6A88F62C","245","2026-10-06T01:54:00.8960011Z"
"node_modules\undici-types\webidl.d.ts","091907B3F314415DC5827FD7E846E38D2C52B83B8F18F43E86B3C155917368A4","8930","2026-10-06T01:54:00.9000240Z"
"node_modules\undici-types\websocket.d.ts","436D7B4543B340B0F3EEF4310D524242E41369B9652AA9C70428767C4DCAC455","4711","2026-10-06T01:54:00.9045359Z"
"node_modules\universalify\index.js","D3411FF41B782D91B9CF61DAF5A36FA9F2A0383DA19BE846AA4463F00226E929","777","2026-10-06T02:24:34.4042947Z"
"node_modules\universalify\LICENSE","3FDA5977C0904E226190B4E21D64340C1731E2142D6FE5F3DEE0090A216B8B63","1100","2026-10-06T02:24:34.4187610Z"
"node_modules\universalify\package.json","337F8F6023A515E5736486D37A7E29F955FEA1C69BCAFDC565A2BDD08F6A869E","820","2026-10-06T02:24:34.3833432Z"
"node_modules\universalify\README.md","6ED9F070BB95EC35462A438FAB1952B258708C2D607947E8EDA8C2F60431A039","2008","2026-10-06T02:24:34.4329047Z"
"node_modules\wrappy\LICENSE","4EC3D4C66CD87F5C8D8AD911B10F99BF27CB00CDFCFF82621956E379186B016B","765","2026-10-06T02:24:34.4187610Z"
"node_modules\wrappy\package.json","712AC9C4C3CEF8BC79F42CF6075FF18551F4CB768F35158214FD643853AD7ABC","606","2026-10-06T02:24:34.3833432Z"
"node_modules\wrappy\README.md","0D2537E86A9E5AE85D8E53910D779895179035C9DAA35555874EC19F1225C224","685","2026-10-06T02:24:34.4042947Z"
"node_modules\wrappy\wrappy.js","153453C4D84A3C2F13589C37055A7DAFF61D48475DCCE554F7EEDAD15FC7B3E5","905","2026-10-06T02:24:34.4334126Z"
"node_modules\yauzl\index.js","583C4554718CBAEE5189D0E28DBD7480A0766E785304E3BCD2ACAD80B2CB6497","33069","2026-10-06T02:24:34.4458553Z"
"node_modules\yauzl\LICENSE","B303783D5EB7CA50B853FFA5F145E4E7998FAB339831D848F507CA6CD970577A","1077","2026-10-06T02:24:34.4268251Z"
"node_modules\yauzl\package.json","9119AC0C70D33B16E3C69DBC5CDEAB71EB513124A04D961F2C9E7402C9FEC8EB","881","2026-10-06T02:24:34.3833432Z"
"node_modules\yauzl\README.md","8DF92AFB1E8EA3C754672E919693569573505E8503CD33972D496E4A28D89ABC","31177","2026-10-06T02:24:34.4112589Z"
"themes\theme-1.css","2D18E8C71593CC49B0AD6C768184FB7A4ED4A364D3AACEBFCA2A54EE27330DD8","20270","2026-10-07T08:01:28.1890770Z"
"themes\theme-2.css","237CCFFC56AA12C5831E7F4696D38B80E1644E03D05C3D1BB6A31FF1718A16C6","20281","2026-10-07T08:01:28.1918095Z"
"themes\theme-3.css","D8BB5C591AA7005CDBC9CEF23444E42C578FBE4982692B2E179B36091DFC3DF5","20270","2026-10-07T08:01:28.1948180Z"
"themes\theme-4.css","283479C1A7B20AD0EB6369279BCA1BFBF16285EE85E97978A5C0D7A007ABC871","20284","2026-10-07T08:01:28.1963203Z"
"themes\theme-5.css","0DE7AA11A28B9B423937272E93A62C6621E95DE5CB3446E45DD058D35E7F5A5D","20260","2026-10-07T08:01:28.1993228Z"
"themes\themes.js","39A03E8F1522BB402DAA110F301939A5C4D2604F9CAE314509BC7379892EBA2C","2341","2026-10-07T07:54:07.7157903Z"
"_hotreload\_cmdline.ps1","3E5F4B1A6DB83732286C9398193A47B8BF7E936AD6A0A993A7221F11BC95CE84","474","2026-10-06T06:10:40.0248316Z"
"_hotreload\_cmdline.txt","5C33ADB0B981EAEE552D66A4E8ED763B6DBD93B2DEC4933DACE6F38B8243FA49","98","2026-10-06T06:10:40.4592144Z"
"_hotreload\_psdiag_A_detach_nonwindow_file.txt","E3B0C44298FC1C149AFBF4C8996FB92427AE41E4649B934CA495991B7852B855","0","2026-10-06T06:01:22.3654500Z"
"_hotreload\_psdiag_B_nonwindow_file.txt","BDA66F6220D96F15C598EE60098D1DB09905130A128A57F21F5C125191761591","7542","2026-10-06T06:01:23.0432180Z"
"_hotreload\_psdiag_C_noflags_file.txt","BB406B3C0797BECBEC4F1DBFA2E3636C0F7946C72DBD310A69E529EE537C1B79","7534","2026-10-06T06:01:23.7835853Z"
"_hotreload\_psdiag_D_detach_only_file.txt","E3B0C44298FC1C149AFBF4C8996FB92427AE41E4649B934CA495991B7852B855","0","2026-10-06T06:01:23.8072238Z"
"_hotreload\_psdiag_E_negative_control.txt","E3B0C44298FC1C149AFBF4C8996FB92427AE41E4649B934CA495991B7852B855","0","2026-10-06T06:02:53.8158890Z"
"_hotreload\_psdiag.ps1","F1DDDAEE5FAC42C3747B9D0B25714E415CAD8186AE7DCAE1404DF3588E4027DC","395","2026-10-06T06:01:22.3654500Z"
"_hotreload\acceptance.py","E646D214781055CD5D4AC4157CA1B5BC5F85FA2B15FC03E6E4B84E803651FC78","21348","2026-10-06T06:03:26.8240783Z"
"_hotreload\app.log","307141F907B1384C094EE1DA506DCC3BDF578AC70AA3486E50F35A02554EDA97","9224","2026-10-06T06:10:40.4919002Z"
"_hotreload\optout.json","F19507B08DBEC19FF7A59337B661716E92BA747F1DEB23F18F845F9ACC89B0ED","1664","2026-10-06T06:05:22.0911188Z"
"_hotreload\optout.log","3E7A89377CB92A9F8B8B11CACE29C3403FD7E86B82111CAB3311708175588820","917","2026-10-06T06:05:16.8255345Z"
"_hotreload\optout.py","F2C1F9B6F919B87B31231B9ECB8068650FC53953E288DD7376F9014F980F4E2D","3627","2026-10-06T06:05:13.2390688Z"
"_hotreload\preflight.json","2F663FBE5E95607E5873A0EF8B364B74A3CE5AE0D90E9C9830CFA56CB628319E","1192","2026-10-06T06:15:24.5970961Z"
"_hotreload\preflight.py","4175A98A11C76C33A0F063F3C4849A64B68F9DD1717A5927CAEDBF250BD85055","3733","2026-10-06T05:56:57.9464415Z"
"_hotreload\probe.log","26D124077BC30A8891D5EB89D606924FFD8685A8BD502FA97B5D647918EEFF36","4269","2026-10-06T06:05:01.2192631Z"
"_hotreload\psdiag.json","FAAEC73A807A3A2543DD95A2235DAE8D9824915B47D40422FA3E12D6083E80C2","3416","2026-10-06T06:02:53.9151509Z"
"_hotreload\psdiag.py","142302809B5F97FDD911B83B2D72BFB9BC461A50826D5FDD9C6E1878E97FDAB5","4163","2026-10-06T06:01:19.1386230Z"
"_hotreload\report.json","DEE77A3CA19B527989B042C82CC681A2E6DB64968230B1C0436F84B7AA5AF1A0","11025","2026-10-06T06:10:45.3810341Z"
"_hotreload\selfwindow.json","A168A43702C24E96F9C78BF78EF2B9928811FA01F32D8B2896003AB681DB8487","347","2026-10-06T06:12:19.4600991Z"
"_hotreload\selfwindow.py","A7C000774A4F8CD8B48A95ACA7FFAB9D6516E1252BCED387B4CEE0F1781C27F8","2287","2026-10-06T06:12:16.4191049Z"
"_hotreload\whois.json","24FEA6D6DB7CA70B5192E369744A43DEC9021255F01B6A3038E3141D276471CC","2524","2026-10-06T06:15:41.1751736Z"
"_hotreload\whois.py","2730ADF74AED182D85AC91CC4D021EF304DE2739E583B5021115FE2C222C4601","2621","2026-10-06T06:02:40.1903083Z"
"_hotreload\winprobe.json","EF7D4C2C50E84246B79D8DB0274EB366DB58FD112BD8BD6348FCBA6FD52EAE46","405","2026-10-06T06:12:46.5679071Z"
"_hotreload\winprobe.py","9B74D8E38265D49EB9BE9D311D07D88BFDDFD8984003C0723981B7656411BDD5","3195","2026-10-06T06:12:38.3309735Z"
"_hotreload\workerarm.json","075CC8AD6E4E6CDA0C60C53756D13996F05097D553DA55DCAD6C0D3F41B91A16","1053","2026-10-06T06:11:46.6808995Z"
"_hotreload\workerarm.log","1A78B574CE175617E522BF19A4780CD07D26ABE43189AC040D413C7F47CA72E6","5606","2026-10-06T06:11:43.4970738Z"
"_hotreload\workerarm.py","AE2A05BBAACAA7E3CE178669D992E92D40948A6FC00B707C594860F81B5D5FC6","6699","2026-10-06T06:11:29.8024053Z"
"_single-instance\arm-die.pid","9C59FA054A233D53614E078BE2D0EDDEFD56A8248BFCDF401BA27F09FD1B321E","33","2026-10-06T05:40:25.1942161Z"
"_single-instance\arm-hold.pid","92F52BF4251A9E35DE74DD4683E5F73A02FB5CD6EEE57DFD8C865F57A6619634","7","2026-10-06T05:40:21.0906048Z"
"_single-instance\proc-count.pid","C7F4B65C81333BB3EDEE2DF41435CAB895906D7F1F93F0A83FB2CE9680C4F655","40","2026-10-06T06:04:56.5144722Z"
"_single-instance\worker_probe.py","3295B416D0712A88B90B90CCBD354E2F4ABC7D635BB8DD3B6B3AC28740366C2E","328","2026-10-06T06:04:46.8911127Z"
